进程名称,设备型号,运行日期,前台时长_秒,后台时长_秒,前台能耗_mAh,后台能耗_mAh,前台单位时间能耗_mAh每小时,后台单位时间能耗_mAh每小时,总单位时间能耗_mAh每小时,设备电量,异常分数,异常特征,分析结果
com.tencent.mm,vivo NEX 3S,2025-05-02,6769,735,1204,470,640.33,2302.04,803.09,35,-0.0604847921222674,前台运行时间过长(1.88小时)、前台能耗过高(1204mAh)、后台能耗过高(470mAh)、前台单位时间能耗过高(640.33mAh/小时)、后台单位时间能耗过高(2302.04mAh/小时)、总单位时间能耗过高(803.09mAh/小时)、设备电量较低(35%),"## 异常进程分析报告

### 1. 进程基本信息分析
进程名称：com.tencent.mm
设备型号：vivo NEX 3S
系统版本：V12.1.0.0
运行时段：2025-05-02 22:59:52 至 2025-05-03 01:04:56

### 2. 运行时间异常分析
前台运行时长：112.8分钟
后台运行时长：12.2分钟
⚠️ 前台运行时间异常：超过正常阈值，可能影响用户体验和电池续航。

### 3. 能耗异常分析
前台能耗：1204mAh
后台能耗：470mAh
前台单位时间能耗：640.33mAh/小时
后台单位时间能耗：2302.04mAh/小时
总单位时间能耗：803.09mAh/小时
⚠️ 能耗异常：总能耗超过正常范围，建议检查应用行为。
⚠️ 单位时间能耗异常：能耗效率低下，可能存在性能问题。

### 4. 设备状态分析
设备电量：35%
屏幕状态：开启
⚠️ 电量状态：设备电量较低，高能耗应用可能加速电量消耗。

### 5. 异常原因总结
异常分数：-0.0605 (分数越低越异常)
检测到的异常特征：前台运行时间过长(1.88小时)、前台能耗过高(1204mAh)、后台能耗过高(470mAh)、前台单位时间能耗过高(640.33mAh/小时)、后台单位时间能耗过高(2302.04mAh/小时)、总单位时间能耗过高(803.09mAh/小时)、设备电量较低(35%)

### 6. 优化建议
- 建议优化前台运行逻辑，减少不必要的前台时间
- 建议优化算法和资源使用，提高能耗效率
- 建议在低电量时限制高能耗操作
"
com.youku.phone,vivo X90,2025-05-11,16104,1220,1458,741,325.93,2186.56,456.96,18,-0.0430160163087494,前台运行时间过长(4.47小时)、前台能耗过高(1458mAh)、后台能耗过高(741mAh)、前台单位时间能耗过高(325.93mAh/小时)、后台单位时间能耗过高(2186.56mAh/小时)、总单位时间能耗过高(456.96mAh/小时)、设备电量较低(18%),"## 异常进程分析报告

### 1. 进程基本信息分析
进程名称：com.youku.phone
设备型号：vivo X90
系统版本：V13.1.2.0
运行时段：2025-05-11 19:27:52 至 2025-05-12 00:16:36

### 2. 运行时间异常分析
前台运行时长：268.4分钟
后台运行时长：20.3分钟
⚠️ 前台运行时间异常：超过正常阈值，可能影响用户体验和电池续航。

### 3. 能耗异常分析
前台能耗：1458mAh
后台能耗：741mAh
前台单位时间能耗：325.93mAh/小时
后台单位时间能耗：2186.56mAh/小时
总单位时间能耗：456.96mAh/小时
⚠️ 能耗异常：总能耗超过正常范围，建议检查应用行为。
⚠️ 单位时间能耗异常：能耗效率低下，可能存在性能问题。

### 4. 设备状态分析
设备电量：18%
屏幕状态：关闭
⚠️ 电量状态：设备电量较低，高能耗应用可能加速电量消耗。

### 5. 异常原因总结
异常分数：-0.0430 (分数越低越异常)
检测到的异常特征：前台运行时间过长(4.47小时)、前台能耗过高(1458mAh)、后台能耗过高(741mAh)、前台单位时间能耗过高(325.93mAh/小时)、后台单位时间能耗过高(2186.56mAh/小时)、总单位时间能耗过高(456.96mAh/小时)、设备电量较低(18%)

### 6. 优化建议
- 建议优化前台运行逻辑，减少不必要的前台时间
- 建议优化算法和资源使用，提高能耗效率
- 建议在低电量时限制高能耗操作
"
com.tencent.tmgp.sgame,vivo NEX 3S,2025-05-30,4289,1204,1634,435,1371.51,1300.66,1355.98,28,-0.1177957010423411,前台运行时间过长(1.19小时)、前台能耗过高(1634mAh)、后台能耗过高(435mAh)、前台单位时间能耗过高(1371.51mAh/小时)、后台单位时间能耗过高(1300.66mAh/小时)、总单位时间能耗过高(1355.98mAh/小时)、设备电量较低(28%),"## 异常进程分析报告

### 1. 进程基本信息分析
进程名称：com.tencent.tmgp.sgame
设备型号：vivo NEX 3S
系统版本：V12.5.3.0
运行时段：2025-05-30 01:51:52 至 2025-05-30 03:23:25

### 2. 运行时间异常分析
前台运行时长：71.5分钟
后台运行时长：20.1分钟
⚠️ 前台运行时间异常：超过正常阈值，可能影响用户体验和电池续航。

### 3. 能耗异常分析
前台能耗：1634mAh
后台能耗：435mAh
前台单位时间能耗：1371.51mAh/小时
后台单位时间能耗：1300.66mAh/小时
总单位时间能耗：1355.98mAh/小时
⚠️ 能耗异常：总能耗超过正常范围，建议检查应用行为。
⚠️ 单位时间能耗异常：能耗效率低下，可能存在性能问题。

### 4. 设备状态分析
设备电量：28%
屏幕状态：关闭
⚠️ 电量状态：设备电量较低，高能耗应用可能加速电量消耗。

### 5. 异常原因总结
异常分数：-0.1178 (分数越低越异常)
检测到的异常特征：前台运行时间过长(1.19小时)、前台能耗过高(1634mAh)、后台能耗过高(435mAh)、前台单位时间能耗过高(1371.51mAh/小时)、后台单位时间能耗过高(1300.66mAh/小时)、总单位时间能耗过高(1355.98mAh/小时)、设备电量较低(28%)

### 6. 优化建议
- 建议优化前台运行逻辑，减少不必要的前台时间
- 建议优化算法和资源使用，提高能耗效率
- 建议在低电量时限制高能耗操作
"
com.alibaba.android.rimet,vivo Y76s,2025-05-07,9928,816,1172,485,424.98,2139.71,555.21,37,-0.024356152349874,前台运行时间过长(2.76小时)、前台能耗过高(1172mAh)、后台能耗过高(485mAh)、前台单位时间能耗过高(424.98mAh/小时)、后台单位时间能耗过高(2139.71mAh/小时)、总单位时间能耗过高(555.21mAh/小时)、设备电量较低(37%),"## 异常进程分析报告

### 1. 进程基本信息分析
进程名称：com.alibaba.android.rimet
设备型号：vivo Y76s
系统版本：V13.0.1.0
运行时段：2025-05-07 01:51:52 至 2025-05-07 04:50:56

### 2. 运行时间异常分析
前台运行时长：165.5分钟
后台运行时长：13.6分钟
⚠️ 前台运行时间异常：超过正常阈值，可能影响用户体验和电池续航。

### 3. 能耗异常分析
前台能耗：1172mAh
后台能耗：485mAh
前台单位时间能耗：424.98mAh/小时
后台单位时间能耗：2139.71mAh/小时
总单位时间能耗：555.21mAh/小时
⚠️ 能耗异常：总能耗超过正常范围，建议检查应用行为。
⚠️ 单位时间能耗异常：能耗效率低下，可能存在性能问题。

### 4. 设备状态分析
设备电量：37%
屏幕状态：开启
⚠️ 电量状态：设备电量较低，高能耗应用可能加速电量消耗。

### 5. 异常原因总结
异常分数：-0.0244 (分数越低越异常)
检测到的异常特征：前台运行时间过长(2.76小时)、前台能耗过高(1172mAh)、后台能耗过高(485mAh)、前台单位时间能耗过高(424.98mAh/小时)、后台单位时间能耗过高(2139.71mAh/小时)、总单位时间能耗过高(555.21mAh/小时)、设备电量较低(37%)

### 6. 优化建议
- 建议优化前台运行逻辑，减少不必要的前台时间
- 建议优化算法和资源使用，提高能耗效率
- 建议在低电量时限制高能耗操作
"
com.android.phone,vivo S15,2025-05-31,28593,425,1781,416,224.24,3523.76,272.56,18,-0.0668214754799521,前台运行时间过长(7.94小时)、前台能耗过高(1781mAh)、后台能耗过高(416mAh)、前台单位时间能耗过高(224.24mAh/小时)、后台单位时间能耗过高(3523.76mAh/小时)、总单位时间能耗过高(272.56mAh/小时)、设备电量较低(18%),"## 异常进程分析报告

### 1. 进程基本信息分析
进程名称：com.android.phone
设备型号：vivo S15
系统版本：V11.2.1.0
运行时段：2025-05-31 13:18:52 至 2025-05-31 21:22:30

### 2. 运行时间异常分析
前台运行时长：476.6分钟
后台运行时长：7.1分钟
⚠️ 前台运行时间异常：超过正常阈值，可能影响用户体验和电池续航。

### 3. 能耗异常分析
前台能耗：1781mAh
后台能耗：416mAh
前台单位时间能耗：224.24mAh/小时
后台单位时间能耗：3523.76mAh/小时
总单位时间能耗：272.56mAh/小时
⚠️ 能耗异常：总能耗超过正常范围，建议检查应用行为。
⚠️ 单位时间能耗异常：能耗效率低下，可能存在性能问题。

### 4. 设备状态分析
设备电量：18%
屏幕状态：关闭
⚠️ 电量状态：设备电量较低，高能耗应用可能加速电量消耗。

### 5. 异常原因总结
异常分数：-0.0668 (分数越低越异常)
检测到的异常特征：前台运行时间过长(7.94小时)、前台能耗过高(1781mAh)、后台能耗过高(416mAh)、前台单位时间能耗过高(224.24mAh/小时)、后台单位时间能耗过高(3523.76mAh/小时)、总单位时间能耗过高(272.56mAh/小时)、设备电量较低(18%)

### 6. 优化建议
- 建议优化前台运行逻辑，减少不必要的前台时间
- 建议优化算法和资源使用，提高能耗效率
- 建议在低电量时限制高能耗操作
"
com.android.phone,vivo Y76s,2025-05-14,25695,1712,1678,221,235.1,464.72,249.44,34,-0.0801045810074279,前台运行时间过长(7.14小时)、前台能耗过高(1678mAh)、后台能耗过高(221mAh)、前台单位时间能耗过高(235.10mAh/小时)、后台单位时间能耗过高(464.72mAh/小时)、总单位时间能耗过高(249.44mAh/小时)、设备电量较低(34%),"## 异常进程分析报告

### 1. 进程基本信息分析
进程名称：com.android.phone
设备型号：vivo Y76s
系统版本：V13.1.2.0
运行时段：2025-05-14 01:04:52 至 2025-05-14 08:41:39

### 2. 运行时间异常分析
前台运行时长：428.2分钟
后台运行时长：28.5分钟
⚠️ 前台运行时间异常：超过正常阈值，可能影响用户体验和电池续航。

### 3. 能耗异常分析
前台能耗：1678mAh
后台能耗：221mAh
前台单位时间能耗：235.10mAh/小时
后台单位时间能耗：464.72mAh/小时
总单位时间能耗：249.44mAh/小时
⚠️ 能耗异常：总能耗超过正常范围，建议检查应用行为。
⚠️ 单位时间能耗异常：能耗效率低下，可能存在性能问题。

### 4. 设备状态分析
设备电量：34%
屏幕状态：开启
⚠️ 电量状态：设备电量较低，高能耗应用可能加速电量消耗。

### 5. 异常原因总结
异常分数：-0.0801 (分数越低越异常)
检测到的异常特征：前台运行时间过长(7.14小时)、前台能耗过高(1678mAh)、后台能耗过高(221mAh)、前台单位时间能耗过高(235.10mAh/小时)、后台单位时间能耗过高(464.72mAh/小时)、总单位时间能耗过高(249.44mAh/小时)、设备电量较低(34%)

### 6. 优化建议
- 建议优化前台运行逻辑，减少不必要的前台时间
- 建议优化算法和资源使用，提高能耗效率
- 建议在低电量时限制高能耗操作
"
com.alibaba.android.rimet,vivo X90,2025-05-19,12284,693,1776,607,520.48,3153.25,661.08,30,-0.0645668877220819,前台运行时间过长(3.41小时)、前台能耗过高(1776mAh)、后台能耗过高(607mAh)、前台单位时间能耗过高(520.48mAh/小时)、后台单位时间能耗过高(3153.25mAh/小时)、总单位时间能耗过高(661.08mAh/小时)、设备电量较低(30%),"## 异常进程分析报告

### 1. 进程基本信息分析
进程名称：com.alibaba.android.rimet
设备型号：vivo X90
系统版本：V11.2.1.0
运行时段：2025-05-19 12:56:52 至 2025-05-19 16:33:09

### 2. 运行时间异常分析
前台运行时长：204.7分钟
后台运行时长：11.6分钟
⚠️ 前台运行时间异常：超过正常阈值，可能影响用户体验和电池续航。

### 3. 能耗异常分析
前台能耗：1776mAh
后台能耗：607mAh
前台单位时间能耗：520.48mAh/小时
后台单位时间能耗：3153.25mAh/小时
总单位时间能耗：661.08mAh/小时
⚠️ 能耗异常：总能耗超过正常范围，建议检查应用行为。
⚠️ 单位时间能耗异常：能耗效率低下，可能存在性能问题。

### 4. 设备状态分析
设备电量：30%
屏幕状态：开启
⚠️ 电量状态：设备电量较低，高能耗应用可能加速电量消耗。

### 5. 异常原因总结
异常分数：-0.0646 (分数越低越异常)
检测到的异常特征：前台运行时间过长(3.41小时)、前台能耗过高(1776mAh)、后台能耗过高(607mAh)、前台单位时间能耗过高(520.48mAh/小时)、后台单位时间能耗过高(3153.25mAh/小时)、总单位时间能耗过高(661.08mAh/小时)、设备电量较低(30%)

### 6. 优化建议
- 建议优化前台运行逻辑，减少不必要的前台时间
- 建议优化算法和资源使用，提高能耗效率
- 建议在低电量时限制高能耗操作
"
com.ss.android.ugc.aweme,vivo iQOO 9,2025-05-11,26072,1593,600,708,82.85,1600.0,170.21,36,-0.0851454893413808,前台运行时间过长(7.24小时)、前台能耗过高(600mAh)、后台能耗过高(708mAh)、后台单位时间能耗过高(1600.00mAh/小时)、设备电量较低(36%),"## 异常进程分析报告

### 1. 进程基本信息分析
进程名称：com.ss.android.ugc.aweme
设备型号：vivo iQOO 9
系统版本：V12.5.3.0
运行时段：2025-05-11 20:48:52 至 2025-05-12 04:29:57

### 2. 运行时间异常分析
前台运行时长：434.5分钟
后台运行时长：26.6分钟
⚠️ 前台运行时间异常：超过正常阈值，可能影响用户体验和电池续航。

### 3. 能耗异常分析
前台能耗：600mAh
后台能耗：708mAh
前台单位时间能耗：82.85mAh/小时
后台单位时间能耗：1600.00mAh/小时
总单位时间能耗：170.21mAh/小时
⚠️ 能耗异常：总能耗超过正常范围，建议检查应用行为。

### 4. 设备状态分析
设备电量：36%
屏幕状态：关闭
⚠️ 电量状态：设备电量较低，高能耗应用可能加速电量消耗。

### 5. 异常原因总结
异常分数：-0.0851 (分数越低越异常)
检测到的异常特征：前台运行时间过长(7.24小时)、前台能耗过高(600mAh)、后台能耗过高(708mAh)、后台单位时间能耗过高(1600.00mAh/小时)、设备电量较低(36%)

### 6. 优化建议
- 建议优化前台运行逻辑，减少不必要的前台时间
- 建议在低电量时限制高能耗操作
"
com.eg.android.AlipayGphone,vivo X80,2025-05-12,11396,1205,1163,216,367.39,645.31,393.97,15,-0.0297746395411268,前台运行时间过长(3.17小时)、前台能耗过高(1163mAh)、后台能耗过高(216mAh)、前台单位时间能耗过高(367.39mAh/小时)、后台单位时间能耗过高(645.31mAh/小时)、总单位时间能耗过高(393.97mAh/小时)、设备电量较低(15%),"## 异常进程分析报告

### 1. 进程基本信息分析
进程名称：com.eg.android.AlipayGphone
设备型号：vivo X80
系统版本：V11.2.1.0
运行时段：2025-05-12 08:57:52 至 2025-05-12 12:27:53

### 2. 运行时间异常分析
前台运行时长：189.9分钟
后台运行时长：20.1分钟
⚠️ 前台运行时间异常：超过正常阈值，可能影响用户体验和电池续航。

### 3. 能耗异常分析
前台能耗：1163mAh
后台能耗：216mAh
前台单位时间能耗：367.39mAh/小时
后台单位时间能耗：645.31mAh/小时
总单位时间能耗：393.97mAh/小时
⚠️ 能耗异常：总能耗超过正常范围，建议检查应用行为。
⚠️ 单位时间能耗异常：能耗效率低下，可能存在性能问题。

### 4. 设备状态分析
设备电量：15%
屏幕状态：关闭
⚠️ 电量状态：设备电量较低，高能耗应用可能加速电量消耗。

### 5. 异常原因总结
异常分数：-0.0298 (分数越低越异常)
检测到的异常特征：前台运行时间过长(3.17小时)、前台能耗过高(1163mAh)、后台能耗过高(216mAh)、前台单位时间能耗过高(367.39mAh/小时)、后台单位时间能耗过高(645.31mAh/小时)、总单位时间能耗过高(393.97mAh/小时)、设备电量较低(15%)

### 6. 优化建议
- 建议优化前台运行逻辑，减少不必要的前台时间
- 建议优化算法和资源使用，提高能耗效率
- 建议在低电量时限制高能耗操作
"
com.alibaba.android.rimet,vivo S15,2025-05-08,5323,318,822,250,555.93,2830.19,684.13,31,-0.0620846478936378,前台运行时间过长(1.48小时)、前台能耗过高(822mAh)、后台能耗过高(250mAh)、前台单位时间能耗过高(555.93mAh/小时)、后台单位时间能耗过高(2830.19mAh/小时)、总单位时间能耗过高(684.13mAh/小时)、设备电量较低(31%),"## 异常进程分析报告

### 1. 进程基本信息分析
进程名称：com.alibaba.android.rimet
设备型号：vivo S15
系统版本：V13.0.1.0
运行时段：2025-05-08 14:27:52 至 2025-05-08 16:01:53

### 2. 运行时间异常分析
前台运行时长：88.7分钟
后台运行时长：5.3分钟
⚠️ 前台运行时间异常：超过正常阈值，可能影响用户体验和电池续航。

### 3. 能耗异常分析
前台能耗：822mAh
后台能耗：250mAh
前台单位时间能耗：555.93mAh/小时
后台单位时间能耗：2830.19mAh/小时
总单位时间能耗：684.13mAh/小时
⚠️ 能耗异常：总能耗超过正常范围，建议检查应用行为。
⚠️ 单位时间能耗异常：能耗效率低下，可能存在性能问题。

### 4. 设备状态分析
设备电量：31%
屏幕状态：开启
⚠️ 电量状态：设备电量较低，高能耗应用可能加速电量消耗。

### 5. 异常原因总结
异常分数：-0.0621 (分数越低越异常)
检测到的异常特征：前台运行时间过长(1.48小时)、前台能耗过高(822mAh)、后台能耗过高(250mAh)、前台单位时间能耗过高(555.93mAh/小时)、后台单位时间能耗过高(2830.19mAh/小时)、总单位时间能耗过高(684.13mAh/小时)、设备电量较低(31%)

### 6. 优化建议
- 建议优化前台运行逻辑，减少不必要的前台时间
- 建议优化算法和资源使用，提高能耗效率
- 建议在低电量时限制高能耗操作
"
com.taobao.taobao,vivo NEX 3S,2025-05-14,13767,1527,1195,426,312.49,1004.32,381.56,20,-0.0251258300267912,前台运行时间过长(3.82小时)、前台能耗过高(1195mAh)、后台能耗过高(426mAh)、前台单位时间能耗过高(312.49mAh/小时)、后台单位时间能耗过高(1004.32mAh/小时)、总单位时间能耗过高(381.56mAh/小时)、设备电量较低(20%),"## 异常进程分析报告

### 1. 进程基本信息分析
进程名称：com.taobao.taobao
设备型号：vivo NEX 3S
系统版本：V12.5.3.0
运行时段：2025-05-14 20:32:52 至 2025-05-15 00:47:46

### 2. 运行时间异常分析
前台运行时长：229.4分钟
后台运行时长：25.4分钟
⚠️ 前台运行时间异常：超过正常阈值，可能影响用户体验和电池续航。

### 3. 能耗异常分析
前台能耗：1195mAh
后台能耗：426mAh
前台单位时间能耗：312.49mAh/小时
后台单位时间能耗：1004.32mAh/小时
总单位时间能耗：381.56mAh/小时
⚠️ 能耗异常：总能耗超过正常范围，建议检查应用行为。
⚠️ 单位时间能耗异常：能耗效率低下，可能存在性能问题。

### 4. 设备状态分析
设备电量：20%
屏幕状态：关闭
⚠️ 电量状态：设备电量较低，高能耗应用可能加速电量消耗。

### 5. 异常原因总结
异常分数：-0.0251 (分数越低越异常)
检测到的异常特征：前台运行时间过长(3.82小时)、前台能耗过高(1195mAh)、后台能耗过高(426mAh)、前台单位时间能耗过高(312.49mAh/小时)、后台单位时间能耗过高(1004.32mAh/小时)、总单位时间能耗过高(381.56mAh/小时)、设备电量较低(20%)

### 6. 优化建议
- 建议优化前台运行逻辑，减少不必要的前台时间
- 建议优化算法和资源使用，提高能耗效率
- 建议在低电量时限制高能耗操作
"
com.eg.android.AlipayGphone,vivo NEX 3S,2025-05-08,13760,1055,1315,756,344.04,2579.72,503.25,25,-0.033713837674425,前台运行时间过长(3.82小时)、前台能耗过高(1315mAh)、后台能耗过高(756mAh)、前台单位时间能耗过高(344.04mAh/小时)、后台单位时间能耗过高(2579.72mAh/小时)、总单位时间能耗过高(503.25mAh/小时)、设备电量较低(25%),"## 异常进程分析报告

### 1. 进程基本信息分析
进程名称：com.eg.android.AlipayGphone
设备型号：vivo NEX 3S
系统版本：V12.1.0.0
运行时段：2025-05-08 02:09:52 至 2025-05-08 06:16:47

### 2. 运行时间异常分析
前台运行时长：229.3分钟
后台运行时长：17.6分钟
⚠️ 前台运行时间异常：超过正常阈值，可能影响用户体验和电池续航。

### 3. 能耗异常分析
前台能耗：1315mAh
后台能耗：756mAh
前台单位时间能耗：344.04mAh/小时
后台单位时间能耗：2579.72mAh/小时
总单位时间能耗：503.25mAh/小时
⚠️ 能耗异常：总能耗超过正常范围，建议检查应用行为。
⚠️ 单位时间能耗异常：能耗效率低下，可能存在性能问题。

### 4. 设备状态分析
设备电量：25%
屏幕状态：关闭
⚠️ 电量状态：设备电量较低，高能耗应用可能加速电量消耗。

### 5. 异常原因总结
异常分数：-0.0337 (分数越低越异常)
检测到的异常特征：前台运行时间过长(3.82小时)、前台能耗过高(1315mAh)、后台能耗过高(756mAh)、前台单位时间能耗过高(344.04mAh/小时)、后台单位时间能耗过高(2579.72mAh/小时)、总单位时间能耗过高(503.25mAh/小时)、设备电量较低(25%)

### 6. 优化建议
- 建议优化前台运行逻辑，减少不必要的前台时间
- 建议优化算法和资源使用，提高能耗效率
- 建议在低电量时限制高能耗操作
"
com.ss.android.ugc.aweme,vivo X80,2025-05-17,17510,161,1381,384,283.93,8586.34,359.57,27,-0.063293264582432,前台运行时间过长(4.86小时)、前台能耗过高(1381mAh)、后台能耗过高(384mAh)、前台单位时间能耗过高(283.93mAh/小时)、后台单位时间能耗过高(8586.34mAh/小时)、总单位时间能耗过高(359.57mAh/小时)、设备电量较低(27%),"## 异常进程分析报告

### 1. 进程基本信息分析
进程名称：com.ss.android.ugc.aweme
设备型号：vivo X80
系统版本：V12.1.0.0
运行时段：2025-05-17 00:14:52 至 2025-05-17 05:09:23

### 2. 运行时间异常分析
前台运行时长：291.8分钟
后台运行时长：2.7分钟
⚠️ 前台运行时间异常：超过正常阈值，可能影响用户体验和电池续航。

### 3. 能耗异常分析
前台能耗：1381mAh
后台能耗：384mAh
前台单位时间能耗：283.93mAh/小时
后台单位时间能耗：8586.34mAh/小时
总单位时间能耗：359.57mAh/小时
⚠️ 能耗异常：总能耗超过正常范围，建议检查应用行为。
⚠️ 单位时间能耗异常：能耗效率低下，可能存在性能问题。

### 4. 设备状态分析
设备电量：27%
屏幕状态：开启
⚠️ 电量状态：设备电量较低，高能耗应用可能加速电量消耗。

### 5. 异常原因总结
异常分数：-0.0633 (分数越低越异常)
检测到的异常特征：前台运行时间过长(4.86小时)、前台能耗过高(1381mAh)、后台能耗过高(384mAh)、前台单位时间能耗过高(283.93mAh/小时)、后台单位时间能耗过高(8586.34mAh/小时)、总单位时间能耗过高(359.57mAh/小时)、设备电量较低(27%)

### 6. 优化建议
- 建议优化前台运行逻辑，减少不必要的前台时间
- 建议优化算法和资源使用，提高能耗效率
- 建议在低电量时限制高能耗操作
"
com.youku.phone,vivo X90,2025-05-21,5276,1167,1650,399,1125.85,1230.85,1144.87,21,-0.1092850331631735,前台运行时间过长(1.47小时)、前台能耗过高(1650mAh)、后台能耗过高(399mAh)、前台单位时间能耗过高(1125.85mAh/小时)、后台单位时间能耗过高(1230.85mAh/小时)、总单位时间能耗过高(1144.87mAh/小时)、设备电量较低(21%),"## 异常进程分析报告

### 1. 进程基本信息分析
进程名称：com.youku.phone
设备型号：vivo X90
系统版本：V12.1.0.0
运行时段：2025-05-21 20:42:52 至 2025-05-21 22:30:15

### 2. 运行时间异常分析
前台运行时长：87.9分钟
后台运行时长：19.4分钟
⚠️ 前台运行时间异常：超过正常阈值，可能影响用户体验和电池续航。

### 3. 能耗异常分析
前台能耗：1650mAh
后台能耗：399mAh
前台单位时间能耗：1125.85mAh/小时
后台单位时间能耗：1230.85mAh/小时
总单位时间能耗：1144.87mAh/小时
⚠️ 能耗异常：总能耗超过正常范围，建议检查应用行为。
⚠️ 单位时间能耗异常：能耗效率低下，可能存在性能问题。

### 4. 设备状态分析
设备电量：21%
屏幕状态：开启
⚠️ 电量状态：设备电量较低，高能耗应用可能加速电量消耗。

### 5. 异常原因总结
异常分数：-0.1093 (分数越低越异常)
检测到的异常特征：前台运行时间过长(1.47小时)、前台能耗过高(1650mAh)、后台能耗过高(399mAh)、前台单位时间能耗过高(1125.85mAh/小时)、后台单位时间能耗过高(1230.85mAh/小时)、总单位时间能耗过高(1144.87mAh/小时)、设备电量较低(21%)

### 6. 优化建议
- 建议优化前台运行逻辑，减少不必要的前台时间
- 建议优化算法和资源使用，提高能耗效率
- 建议在低电量时限制高能耗操作
"
com.qiyi.video,vivo X80,2025-05-16,22086,229,626,760,102.04,11947.6,223.6,38,-0.1101089383506211,前台运行时间过长(6.13小时)、前台能耗过高(626mAh)、后台能耗过高(760mAh)、后台单位时间能耗过高(11947.60mAh/小时)、总单位时间能耗过高(223.60mAh/小时)、设备电量较低(38%),"## 异常进程分析报告

### 1. 进程基本信息分析
进程名称：com.qiyi.video
设备型号：vivo X80
系统版本：V11.2.1.0
运行时段：2025-05-16 10:42:52 至 2025-05-16 16:54:47

### 2. 运行时间异常分析
前台运行时长：368.1分钟
后台运行时长：3.8分钟
⚠️ 前台运行时间异常：超过正常阈值，可能影响用户体验和电池续航。

### 3. 能耗异常分析
前台能耗：626mAh
后台能耗：760mAh
前台单位时间能耗：102.04mAh/小时
后台单位时间能耗：11947.60mAh/小时
总单位时间能耗：223.60mAh/小时
⚠️ 能耗异常：总能耗超过正常范围，建议检查应用行为。
⚠️ 单位时间能耗异常：能耗效率低下，可能存在性能问题。

### 4. 设备状态分析
设备电量：38%
屏幕状态：关闭
⚠️ 电量状态：设备电量较低，高能耗应用可能加速电量消耗。

### 5. 异常原因总结
异常分数：-0.1101 (分数越低越异常)
检测到的异常特征：前台运行时间过长(6.13小时)、前台能耗过高(626mAh)、后台能耗过高(760mAh)、后台单位时间能耗过高(11947.60mAh/小时)、总单位时间能耗过高(223.60mAh/小时)、设备电量较低(38%)

### 6. 优化建议
- 建议优化前台运行逻辑，减少不必要的前台时间
- 建议优化算法和资源使用，提高能耗效率
- 建议在低电量时限制高能耗操作
"
com.autonavi.minimap,vivo NEX 3S,2025-05-03,25285,1791,1604,336,228.37,675.38,257.94,30,-0.0563723872654918,前台运行时间过长(7.02小时)、前台能耗过高(1604mAh)、后台能耗过高(336mAh)、前台单位时间能耗过高(228.37mAh/小时)、后台单位时间能耗过高(675.38mAh/小时)、总单位时间能耗过高(257.94mAh/小时)、设备电量较低(30%),"## 异常进程分析报告

### 1. 进程基本信息分析
进程名称：com.autonavi.minimap
设备型号：vivo NEX 3S
系统版本：V12.1.0.0
运行时段：2025-05-03 20:41:52 至 2025-05-04 04:13:08

### 2. 运行时间异常分析
前台运行时长：421.4分钟
后台运行时长：29.9分钟
⚠️ 前台运行时间异常：超过正常阈值，可能影响用户体验和电池续航。

### 3. 能耗异常分析
前台能耗：1604mAh
后台能耗：336mAh
前台单位时间能耗：228.37mAh/小时
后台单位时间能耗：675.38mAh/小时
总单位时间能耗：257.94mAh/小时
⚠️ 能耗异常：总能耗超过正常范围，建议检查应用行为。
⚠️ 单位时间能耗异常：能耗效率低下，可能存在性能问题。

### 4. 设备状态分析
设备电量：30%
屏幕状态：关闭
⚠️ 电量状态：设备电量较低，高能耗应用可能加速电量消耗。

### 5. 异常原因总结
异常分数：-0.0564 (分数越低越异常)
检测到的异常特征：前台运行时间过长(7.02小时)、前台能耗过高(1604mAh)、后台能耗过高(336mAh)、前台单位时间能耗过高(228.37mAh/小时)、后台单位时间能耗过高(675.38mAh/小时)、总单位时间能耗过高(257.94mAh/小时)、设备电量较低(30%)

### 6. 优化建议
- 建议优化前台运行逻辑，减少不必要的前台时间
- 建议优化算法和资源使用，提高能耗效率
- 建议在低电量时限制高能耗操作
"
com.youku.phone,vivo X80,2025-05-26,13376,948,1879,757,505.71,2874.68,662.5,23,-0.0632114857308131,前台运行时间过长(3.72小时)、前台能耗过高(1879mAh)、后台能耗过高(757mAh)、前台单位时间能耗过高(505.71mAh/小时)、后台单位时间能耗过高(2874.68mAh/小时)、总单位时间能耗过高(662.50mAh/小时)、设备电量较低(23%),"## 异常进程分析报告

### 1. 进程基本信息分析
进程名称：com.youku.phone
设备型号：vivo X80
系统版本：V11.2.1.0
运行时段：2025-05-26 08:17:52 至 2025-05-26 12:16:36

### 2. 运行时间异常分析
前台运行时长：222.9分钟
后台运行时长：15.8分钟
⚠️ 前台运行时间异常：超过正常阈值，可能影响用户体验和电池续航。

### 3. 能耗异常分析
前台能耗：1879mAh
后台能耗：757mAh
前台单位时间能耗：505.71mAh/小时
后台单位时间能耗：2874.68mAh/小时
总单位时间能耗：662.50mAh/小时
⚠️ 能耗异常：总能耗超过正常范围，建议检查应用行为。
⚠️ 单位时间能耗异常：能耗效率低下，可能存在性能问题。

### 4. 设备状态分析
设备电量：23%
屏幕状态：开启
⚠️ 电量状态：设备电量较低，高能耗应用可能加速电量消耗。

### 5. 异常原因总结
异常分数：-0.0632 (分数越低越异常)
检测到的异常特征：前台运行时间过长(3.72小时)、前台能耗过高(1879mAh)、后台能耗过高(757mAh)、前台单位时间能耗过高(505.71mAh/小时)、后台单位时间能耗过高(2874.68mAh/小时)、总单位时间能耗过高(662.50mAh/小时)、设备电量较低(23%)

### 6. 优化建议
- 建议优化前台运行逻辑，减少不必要的前台时间
- 建议优化算法和资源使用，提高能耗效率
- 建议在低电量时限制高能耗操作
"
com.youku.phone,vivo X90,2025-05-11,27866,90,1323,649,170.92,25960.0,253.94,17,-0.1305846417395858,前台运行时间过长(7.74小时)、前台能耗过高(1323mAh)、后台能耗过高(649mAh)、前台单位时间能耗过高(170.92mAh/小时)、后台单位时间能耗过高(25960.00mAh/小时)、总单位时间能耗过高(253.94mAh/小时)、设备电量较低(17%),"## 异常进程分析报告

### 1. 进程基本信息分析
进程名称：com.youku.phone
设备型号：vivo X90
系统版本：V13.1.2.0
运行时段：2025-05-11 10:10:52 至 2025-05-11 17:56:48

### 2. 运行时间异常分析
前台运行时长：464.4分钟
后台运行时长：1.5分钟
⚠️ 前台运行时间异常：超过正常阈值，可能影响用户体验和电池续航。

### 3. 能耗异常分析
前台能耗：1323mAh
后台能耗：649mAh
前台单位时间能耗：170.92mAh/小时
后台单位时间能耗：25960.00mAh/小时
总单位时间能耗：253.94mAh/小时
⚠️ 能耗异常：总能耗超过正常范围，建议检查应用行为。
⚠️ 单位时间能耗异常：能耗效率低下，可能存在性能问题。

### 4. 设备状态分析
设备电量：17%
屏幕状态：关闭
⚠️ 电量状态：设备电量较低，高能耗应用可能加速电量消耗。

### 5. 异常原因总结
异常分数：-0.1306 (分数越低越异常)
检测到的异常特征：前台运行时间过长(7.74小时)、前台能耗过高(1323mAh)、后台能耗过高(649mAh)、前台单位时间能耗过高(170.92mAh/小时)、后台单位时间能耗过高(25960.00mAh/小时)、总单位时间能耗过高(253.94mAh/小时)、设备电量较低(17%)

### 6. 优化建议
- 建议优化前台运行逻辑，减少不必要的前台时间
- 建议优化算法和资源使用，提高能耗效率
- 建议在低电量时限制高能耗操作
"
com.sina.weibo,vivo S15,2025-05-25,21730,1196,1686,627,279.32,1887.29,363.2,19,-0.037765157746167,前台运行时间过长(6.04小时)、前台能耗过高(1686mAh)、后台能耗过高(627mAh)、前台单位时间能耗过高(279.32mAh/小时)、后台单位时间能耗过高(1887.29mAh/小时)、总单位时间能耗过高(363.20mAh/小时)、设备电量较低(19%),"## 异常进程分析报告

### 1. 进程基本信息分析
进程名称：com.sina.weibo
设备型号：vivo S15
系统版本：V12.5.3.0
运行时段：2025-05-25 09:56:52 至 2025-05-25 16:18:58

### 2. 运行时间异常分析
前台运行时长：362.2分钟
后台运行时长：19.9分钟
⚠️ 前台运行时间异常：超过正常阈值，可能影响用户体验和电池续航。

### 3. 能耗异常分析
前台能耗：1686mAh
后台能耗：627mAh
前台单位时间能耗：279.32mAh/小时
后台单位时间能耗：1887.29mAh/小时
总单位时间能耗：363.20mAh/小时
⚠️ 能耗异常：总能耗超过正常范围，建议检查应用行为。
⚠️ 单位时间能耗异常：能耗效率低下，可能存在性能问题。

### 4. 设备状态分析
设备电量：19%
屏幕状态：关闭
⚠️ 电量状态：设备电量较低，高能耗应用可能加速电量消耗。

### 5. 异常原因总结
异常分数：-0.0378 (分数越低越异常)
检测到的异常特征：前台运行时间过长(6.04小时)、前台能耗过高(1686mAh)、后台能耗过高(627mAh)、前台单位时间能耗过高(279.32mAh/小时)、后台单位时间能耗过高(1887.29mAh/小时)、总单位时间能耗过高(363.20mAh/小时)、设备电量较低(19%)

### 6. 优化建议
- 建议优化前台运行逻辑，减少不必要的前台时间
- 建议优化算法和资源使用，提高能耗效率
- 建议在低电量时限制高能耗操作
"
com.dianping.v1,vivo Y76s,2025-06-02,10967,1101,1091,372,358.13,1216.35,436.43,34,-0.0085908698540853,前台运行时间过长(3.05小时)、前台能耗过高(1091mAh)、后台能耗过高(372mAh)、前台单位时间能耗过高(358.13mAh/小时)、后台单位时间能耗过高(1216.35mAh/小时)、总单位时间能耗过高(436.43mAh/小时)、设备电量较低(34%),"## 异常进程分析报告

### 1. 进程基本信息分析
进程名称：com.dianping.v1
设备型号：vivo Y76s
系统版本：V12.1.0.0
运行时段：2025-06-02 01:47:52 至 2025-06-02 05:09:00

### 2. 运行时间异常分析
前台运行时长：182.8分钟
后台运行时长：18.4分钟
⚠️ 前台运行时间异常：超过正常阈值，可能影响用户体验和电池续航。

### 3. 能耗异常分析
前台能耗：1091mAh
后台能耗：372mAh
前台单位时间能耗：358.13mAh/小时
后台单位时间能耗：1216.35mAh/小时
总单位时间能耗：436.43mAh/小时
⚠️ 能耗异常：总能耗超过正常范围，建议检查应用行为。
⚠️ 单位时间能耗异常：能耗效率低下，可能存在性能问题。

### 4. 设备状态分析
设备电量：34%
屏幕状态：开启
⚠️ 电量状态：设备电量较低，高能耗应用可能加速电量消耗。

### 5. 异常原因总结
异常分数：-0.0086 (分数越低越异常)
检测到的异常特征：前台运行时间过长(3.05小时)、前台能耗过高(1091mAh)、后台能耗过高(372mAh)、前台单位时间能耗过高(358.13mAh/小时)、后台单位时间能耗过高(1216.35mAh/小时)、总单位时间能耗过高(436.43mAh/小时)、设备电量较低(34%)

### 6. 优化建议
- 建议优化前台运行逻辑，减少不必要的前台时间
- 建议优化算法和资源使用，提高能耗效率
- 建议在低电量时限制高能耗操作
"
com.sina.weibo,vivo X80,2025-05-16,26393,703,746,632,101.75,3236.42,183.08,32,-0.06903857683577,前台运行时间过长(7.33小时)、前台能耗过高(746mAh)、后台能耗过高(632mAh)、后台单位时间能耗过高(3236.42mAh/小时)、设备电量较低(32%),"## 异常进程分析报告

### 1. 进程基本信息分析
进程名称：com.sina.weibo
设备型号：vivo X80
系统版本：V12.1.0.0
运行时段：2025-05-16 11:37:52 至 2025-05-16 19:09:28

### 2. 运行时间异常分析
前台运行时长：439.9分钟
后台运行时长：11.7分钟
⚠️ 前台运行时间异常：超过正常阈值，可能影响用户体验和电池续航。

### 3. 能耗异常分析
前台能耗：746mAh
后台能耗：632mAh
前台单位时间能耗：101.75mAh/小时
后台单位时间能耗：3236.42mAh/小时
总单位时间能耗：183.08mAh/小时
⚠️ 能耗异常：总能耗超过正常范围，建议检查应用行为。

### 4. 设备状态分析
设备电量：32%
屏幕状态：开启
⚠️ 电量状态：设备电量较低，高能耗应用可能加速电量消耗。

### 5. 异常原因总结
异常分数：-0.0690 (分数越低越异常)
检测到的异常特征：前台运行时间过长(7.33小时)、前台能耗过高(746mAh)、后台能耗过高(632mAh)、后台单位时间能耗过高(3236.42mAh/小时)、设备电量较低(32%)

### 6. 优化建议
- 建议优化前台运行逻辑，减少不必要的前台时间
- 建议在低电量时限制高能耗操作
"
com.UCMobile,vivo X80,2025-05-20,11442,1013,1290,315,405.87,1119.45,463.91,17,-0.0146082230137555,前台运行时间过长(3.18小时)、前台能耗过高(1290mAh)、后台能耗过高(315mAh)、前台单位时间能耗过高(405.87mAh/小时)、后台单位时间能耗过高(1119.45mAh/小时)、总单位时间能耗过高(463.91mAh/小时)、设备电量较低(17%),"## 异常进程分析报告

### 1. 进程基本信息分析
进程名称：com.UCMobile
设备型号：vivo X80
系统版本：V11.2.1.0
运行时段：2025-05-20 23:24:52 至 2025-05-21 02:52:27

### 2. 运行时间异常分析
前台运行时长：190.7分钟
后台运行时长：16.9分钟
⚠️ 前台运行时间异常：超过正常阈值，可能影响用户体验和电池续航。

### 3. 能耗异常分析
前台能耗：1290mAh
后台能耗：315mAh
前台单位时间能耗：405.87mAh/小时
后台单位时间能耗：1119.45mAh/小时
总单位时间能耗：463.91mAh/小时
⚠️ 能耗异常：总能耗超过正常范围，建议检查应用行为。
⚠️ 单位时间能耗异常：能耗效率低下，可能存在性能问题。

### 4. 设备状态分析
设备电量：17%
屏幕状态：关闭
⚠️ 电量状态：设备电量较低，高能耗应用可能加速电量消耗。

### 5. 异常原因总结
异常分数：-0.0146 (分数越低越异常)
检测到的异常特征：前台运行时间过长(3.18小时)、前台能耗过高(1290mAh)、后台能耗过高(315mAh)、前台单位时间能耗过高(405.87mAh/小时)、后台单位时间能耗过高(1119.45mAh/小时)、总单位时间能耗过高(463.91mAh/小时)、设备电量较低(17%)

### 6. 优化建议
- 建议优化前台运行逻辑，减少不必要的前台时间
- 建议优化算法和资源使用，提高能耗效率
- 建议在低电量时限制高能耗操作
"
com.android.phone,vivo iQOO 9,2025-05-28,14964,654,843,290,202.81,1596.33,261.16,36,-0.0116016716606252,前台运行时间过长(4.16小时)、前台能耗过高(843mAh)、后台能耗过高(290mAh)、前台单位时间能耗过高(202.81mAh/小时)、后台单位时间能耗过高(1596.33mAh/小时)、总单位时间能耗过高(261.16mAh/小时)、设备电量较低(36%),"## 异常进程分析报告

### 1. 进程基本信息分析
进程名称：com.android.phone
设备型号：vivo iQOO 9
系统版本：V13.0.1.0
运行时段：2025-05-28 22:18:52 至 2025-05-29 02:39:10

### 2. 运行时间异常分析
前台运行时长：249.4分钟
后台运行时长：10.9分钟
⚠️ 前台运行时间异常：超过正常阈值，可能影响用户体验和电池续航。

### 3. 能耗异常分析
前台能耗：843mAh
后台能耗：290mAh
前台单位时间能耗：202.81mAh/小时
后台单位时间能耗：1596.33mAh/小时
总单位时间能耗：261.16mAh/小时
⚠️ 能耗异常：总能耗超过正常范围，建议检查应用行为。
⚠️ 单位时间能耗异常：能耗效率低下，可能存在性能问题。

### 4. 设备状态分析
设备电量：36%
屏幕状态：开启
⚠️ 电量状态：设备电量较低，高能耗应用可能加速电量消耗。

### 5. 异常原因总结
异常分数：-0.0116 (分数越低越异常)
检测到的异常特征：前台运行时间过长(4.16小时)、前台能耗过高(843mAh)、后台能耗过高(290mAh)、前台单位时间能耗过高(202.81mAh/小时)、后台单位时间能耗过高(1596.33mAh/小时)、总单位时间能耗过高(261.16mAh/小时)、设备电量较低(36%)

### 6. 优化建议
- 建议优化前台运行逻辑，减少不必要的前台时间
- 建议优化算法和资源使用，提高能耗效率
- 建议在低电量时限制高能耗操作
"
com.youku.phone,vivo NEX 3S,2025-05-13,14449,420,889,619,221.5,5305.71,365.11,32,-0.0478295733113485,前台运行时间过长(4.01小时)、前台能耗过高(889mAh)、后台能耗过高(619mAh)、前台单位时间能耗过高(221.50mAh/小时)、后台单位时间能耗过高(5305.71mAh/小时)、总单位时间能耗过高(365.11mAh/小时)、设备电量较低(32%),"## 异常进程分析报告

### 1. 进程基本信息分析
进程名称：com.youku.phone
设备型号：vivo NEX 3S
系统版本：V13.1.2.0
运行时段：2025-05-13 19:55:52 至 2025-05-14 00:03:41

### 2. 运行时间异常分析
前台运行时长：240.8分钟
后台运行时长：7.0分钟
⚠️ 前台运行时间异常：超过正常阈值，可能影响用户体验和电池续航。

### 3. 能耗异常分析
前台能耗：889mAh
后台能耗：619mAh
前台单位时间能耗：221.50mAh/小时
后台单位时间能耗：5305.71mAh/小时
总单位时间能耗：365.11mAh/小时
⚠️ 能耗异常：总能耗超过正常范围，建议检查应用行为。
⚠️ 单位时间能耗异常：能耗效率低下，可能存在性能问题。

### 4. 设备状态分析
设备电量：32%
屏幕状态：开启
⚠️ 电量状态：设备电量较低，高能耗应用可能加速电量消耗。

### 5. 异常原因总结
异常分数：-0.0478 (分数越低越异常)
检测到的异常特征：前台运行时间过长(4.01小时)、前台能耗过高(889mAh)、后台能耗过高(619mAh)、前台单位时间能耗过高(221.50mAh/小时)、后台单位时间能耗过高(5305.71mAh/小时)、总单位时间能耗过高(365.11mAh/小时)、设备电量较低(32%)

### 6. 优化建议
- 建议优化前台运行逻辑，减少不必要的前台时间
- 建议优化算法和资源使用，提高能耗效率
- 建议在低电量时限制高能耗操作
"
com.tencent.qqlive,vivo X80,2025-05-10,14865,1655,1608,623,389.42,1355.17,486.17,34,-0.0463171584908121,前台运行时间过长(4.13小时)、前台能耗过高(1608mAh)、后台能耗过高(623mAh)、前台单位时间能耗过高(389.42mAh/小时)、后台单位时间能耗过高(1355.17mAh/小时)、总单位时间能耗过高(486.17mAh/小时)、设备电量较低(34%),"## 异常进程分析报告

### 1. 进程基本信息分析
进程名称：com.tencent.qqlive
设备型号：vivo X80
系统版本：V12.5.3.0
运行时段：2025-05-10 11:59:52 至 2025-05-10 16:35:12

### 2. 运行时间异常分析
前台运行时长：247.8分钟
后台运行时长：27.6分钟
⚠️ 前台运行时间异常：超过正常阈值，可能影响用户体验和电池续航。

### 3. 能耗异常分析
前台能耗：1608mAh
后台能耗：623mAh
前台单位时间能耗：389.42mAh/小时
后台单位时间能耗：1355.17mAh/小时
总单位时间能耗：486.17mAh/小时
⚠️ 能耗异常：总能耗超过正常范围，建议检查应用行为。
⚠️ 单位时间能耗异常：能耗效率低下，可能存在性能问题。

### 4. 设备状态分析
设备电量：34%
屏幕状态：关闭
⚠️ 电量状态：设备电量较低，高能耗应用可能加速电量消耗。

### 5. 异常原因总结
异常分数：-0.0463 (分数越低越异常)
检测到的异常特征：前台运行时间过长(4.13小时)、前台能耗过高(1608mAh)、后台能耗过高(623mAh)、前台单位时间能耗过高(389.42mAh/小时)、后台单位时间能耗过高(1355.17mAh/小时)、总单位时间能耗过高(486.17mAh/小时)、设备电量较低(34%)

### 6. 优化建议
- 建议优化前台运行逻辑，减少不必要的前台时间
- 建议优化算法和资源使用，提高能耗效率
- 建议在低电量时限制高能耗操作
"
com.jingdong.app.mall,vivo NEX 3S,2025-05-27,11870,1245,1125,481,341.2,1390.84,440.84,23,-0.0057457671815828,前台运行时间过长(3.30小时)、前台能耗过高(1125mAh)、后台能耗过高(481mAh)、前台单位时间能耗过高(341.20mAh/小时)、后台单位时间能耗过高(1390.84mAh/小时)、总单位时间能耗过高(440.84mAh/小时)、设备电量较低(23%),"## 异常进程分析报告

### 1. 进程基本信息分析
进程名称：com.jingdong.app.mall
设备型号：vivo NEX 3S
系统版本：V13.1.2.0
运行时段：2025-05-27 13:14:52 至 2025-05-27 16:53:27

### 2. 运行时间异常分析
前台运行时长：197.8分钟
后台运行时长：20.8分钟
⚠️ 前台运行时间异常：超过正常阈值，可能影响用户体验和电池续航。

### 3. 能耗异常分析
前台能耗：1125mAh
后台能耗：481mAh
前台单位时间能耗：341.20mAh/小时
后台单位时间能耗：1390.84mAh/小时
总单位时间能耗：440.84mAh/小时
⚠️ 能耗异常：总能耗超过正常范围，建议检查应用行为。
⚠️ 单位时间能耗异常：能耗效率低下，可能存在性能问题。

### 4. 设备状态分析
设备电量：23%
屏幕状态：开启
⚠️ 电量状态：设备电量较低，高能耗应用可能加速电量消耗。

### 5. 异常原因总结
异常分数：-0.0057 (分数越低越异常)
检测到的异常特征：前台运行时间过长(3.30小时)、前台能耗过高(1125mAh)、后台能耗过高(481mAh)、前台单位时间能耗过高(341.20mAh/小时)、后台单位时间能耗过高(1390.84mAh/小时)、总单位时间能耗过高(440.84mAh/小时)、设备电量较低(23%)

### 6. 优化建议
- 建议优化前台运行逻辑，减少不必要的前台时间
- 建议优化算法和资源使用，提高能耗效率
- 建议在低电量时限制高能耗操作
"
com.netease.cloudmusic,vivo S15,2025-05-06,24387,1195,1688,272,249.18,819.41,275.82,25,-0.0556027453358682,前台运行时间过长(6.77小时)、前台能耗过高(1688mAh)、后台能耗过高(272mAh)、前台单位时间能耗过高(249.18mAh/小时)、后台单位时间能耗过高(819.41mAh/小时)、总单位时间能耗过高(275.82mAh/小时)、设备电量较低(25%),"## 异常进程分析报告

### 1. 进程基本信息分析
进程名称：com.netease.cloudmusic
设备型号：vivo S15
系统版本：V12.5.3.0
运行时段：2025-05-06 05:35:52 至 2025-05-06 12:42:14

### 2. 运行时间异常分析
前台运行时长：406.4分钟
后台运行时长：19.9分钟
⚠️ 前台运行时间异常：超过正常阈值，可能影响用户体验和电池续航。

### 3. 能耗异常分析
前台能耗：1688mAh
后台能耗：272mAh
前台单位时间能耗：249.18mAh/小时
后台单位时间能耗：819.41mAh/小时
总单位时间能耗：275.82mAh/小时
⚠️ 能耗异常：总能耗超过正常范围，建议检查应用行为。
⚠️ 单位时间能耗异常：能耗效率低下，可能存在性能问题。

### 4. 设备状态分析
设备电量：25%
屏幕状态：关闭
⚠️ 电量状态：设备电量较低，高能耗应用可能加速电量消耗。

### 5. 异常原因总结
异常分数：-0.0556 (分数越低越异常)
检测到的异常特征：前台运行时间过长(6.77小时)、前台能耗过高(1688mAh)、后台能耗过高(272mAh)、前台单位时间能耗过高(249.18mAh/小时)、后台单位时间能耗过高(819.41mAh/小时)、总单位时间能耗过高(275.82mAh/小时)、设备电量较低(25%)

### 6. 优化建议
- 建议优化前台运行逻辑，减少不必要的前台时间
- 建议优化算法和资源使用，提高能耗效率
- 建议在低电量时限制高能耗操作
"
com.android.chrome,vivo iQOO 9,2025-05-02,21090,408,1996,582,340.71,5135.29,431.71,40,-0.0789136117584625,前台运行时间过长(5.86小时)、前台能耗过高(1996mAh)、后台能耗过高(582mAh)、前台单位时间能耗过高(340.71mAh/小时)、后台单位时间能耗过高(5135.29mAh/小时)、总单位时间能耗过高(431.71mAh/小时)、设备电量较低(40%),"## 异常进程分析报告

### 1. 进程基本信息分析
进程名称：com.android.chrome
设备型号：vivo iQOO 9
系统版本：V12.1.0.0
运行时段：2025-05-02 17:41:52 至 2025-05-02 23:40:10

### 2. 运行时间异常分析
前台运行时长：351.5分钟
后台运行时长：6.8分钟
⚠️ 前台运行时间异常：超过正常阈值，可能影响用户体验和电池续航。

### 3. 能耗异常分析
前台能耗：1996mAh
后台能耗：582mAh
前台单位时间能耗：340.71mAh/小时
后台单位时间能耗：5135.29mAh/小时
总单位时间能耗：431.71mAh/小时
⚠️ 能耗异常：总能耗超过正常范围，建议检查应用行为。
⚠️ 单位时间能耗异常：能耗效率低下，可能存在性能问题。

### 4. 设备状态分析
设备电量：40%
屏幕状态：开启
⚠️ 电量状态：设备电量较低，高能耗应用可能加速电量消耗。

### 5. 异常原因总结
异常分数：-0.0789 (分数越低越异常)
检测到的异常特征：前台运行时间过长(5.86小时)、前台能耗过高(1996mAh)、后台能耗过高(582mAh)、前台单位时间能耗过高(340.71mAh/小时)、后台单位时间能耗过高(5135.29mAh/小时)、总单位时间能耗过高(431.71mAh/小时)、设备电量较低(40%)

### 6. 优化建议
- 建议优化前台运行逻辑，减少不必要的前台时间
- 建议优化算法和资源使用，提高能耗效率
- 建议在低电量时限制高能耗操作
"
com.tencent.mobileqq,vivo Y76s,2025-05-07,13121,737,1886,520,517.46,2540.03,625.03,23,-0.0519641568218754,前台运行时间过长(3.64小时)、前台能耗过高(1886mAh)、后台能耗过高(520mAh)、前台单位时间能耗过高(517.46mAh/小时)、后台单位时间能耗过高(2540.03mAh/小时)、总单位时间能耗过高(625.03mAh/小时)、设备电量较低(23%),"## 异常进程分析报告

### 1. 进程基本信息分析
进程名称：com.tencent.mobileqq
设备型号：vivo Y76s
系统版本：V12.5.3.0
运行时段：2025-05-07 03:10:52 至 2025-05-07 07:01:50

### 2. 运行时间异常分析
前台运行时长：218.7分钟
后台运行时长：12.3分钟
⚠️ 前台运行时间异常：超过正常阈值，可能影响用户体验和电池续航。

### 3. 能耗异常分析
前台能耗：1886mAh
后台能耗：520mAh
前台单位时间能耗：517.46mAh/小时
后台单位时间能耗：2540.03mAh/小时
总单位时间能耗：625.03mAh/小时
⚠️ 能耗异常：总能耗超过正常范围，建议检查应用行为。
⚠️ 单位时间能耗异常：能耗效率低下，可能存在性能问题。

### 4. 设备状态分析
设备电量：23%
屏幕状态：关闭
⚠️ 电量状态：设备电量较低，高能耗应用可能加速电量消耗。

### 5. 异常原因总结
异常分数：-0.0520 (分数越低越异常)
检测到的异常特征：前台运行时间过长(3.64小时)、前台能耗过高(1886mAh)、后台能耗过高(520mAh)、前台单位时间能耗过高(517.46mAh/小时)、后台单位时间能耗过高(2540.03mAh/小时)、总单位时间能耗过高(625.03mAh/小时)、设备电量较低(23%)

### 6. 优化建议
- 建议优化前台运行逻辑，减少不必要的前台时间
- 建议优化算法和资源使用，提高能耗效率
- 建议在低电量时限制高能耗操作
"
com.qiyi.video,vivo Y76s,2025-06-01,17782,1717,1698,694,343.76,1455.1,441.62,39,-0.061882683778566,前台运行时间过长(4.94小时)、前台能耗过高(1698mAh)、后台能耗过高(694mAh)、前台单位时间能耗过高(343.76mAh/小时)、后台单位时间能耗过高(1455.10mAh/小时)、总单位时间能耗过高(441.62mAh/小时)、设备电量较低(39%),"## 异常进程分析报告

### 1. 进程基本信息分析
进程名称：com.qiyi.video
设备型号：vivo Y76s
系统版本：V12.1.0.0
运行时段：2025-06-01 16:18:52 至 2025-06-01 21:43:51

### 2. 运行时间异常分析
前台运行时长：296.4分钟
后台运行时长：28.6分钟
⚠️ 前台运行时间异常：超过正常阈值，可能影响用户体验和电池续航。

### 3. 能耗异常分析
前台能耗：1698mAh
后台能耗：694mAh
前台单位时间能耗：343.76mAh/小时
后台单位时间能耗：1455.10mAh/小时
总单位时间能耗：441.62mAh/小时
⚠️ 能耗异常：总能耗超过正常范围，建议检查应用行为。
⚠️ 单位时间能耗异常：能耗效率低下，可能存在性能问题。

### 4. 设备状态分析
设备电量：39%
屏幕状态：关闭
⚠️ 电量状态：设备电量较低，高能耗应用可能加速电量消耗。

### 5. 异常原因总结
异常分数：-0.0619 (分数越低越异常)
检测到的异常特征：前台运行时间过长(4.94小时)、前台能耗过高(1698mAh)、后台能耗过高(694mAh)、前台单位时间能耗过高(343.76mAh/小时)、后台单位时间能耗过高(1455.10mAh/小时)、总单位时间能耗过高(441.62mAh/小时)、设备电量较低(39%)

### 6. 优化建议
- 建议优化前台运行逻辑，减少不必要的前台时间
- 建议优化算法和资源使用，提高能耗效率
- 建议在低电量时限制高能耗操作
"
com.tencent.tmgp.sgame,vivo Y76s,2025-05-22,11835,415,1770,653,538.4,5664.58,712.07,36,-0.0987607260049741,前台运行时间过长(3.29小时)、前台能耗过高(1770mAh)、后台能耗过高(653mAh)、前台单位时间能耗过高(538.40mAh/小时)、后台单位时间能耗过高(5664.58mAh/小时)、总单位时间能耗过高(712.07mAh/小时)、设备电量较低(36%),"## 异常进程分析报告

### 1. 进程基本信息分析
进程名称：com.tencent.tmgp.sgame
设备型号：vivo Y76s
系统版本：V12.1.0.0
运行时段：2025-05-22 16:02:52 至 2025-05-22 19:27:02

### 2. 运行时间异常分析
前台运行时长：197.2分钟
后台运行时长：6.9分钟
⚠️ 前台运行时间异常：超过正常阈值，可能影响用户体验和电池续航。

### 3. 能耗异常分析
前台能耗：1770mAh
后台能耗：653mAh
前台单位时间能耗：538.40mAh/小时
后台单位时间能耗：5664.58mAh/小时
总单位时间能耗：712.07mAh/小时
⚠️ 能耗异常：总能耗超过正常范围，建议检查应用行为。
⚠️ 单位时间能耗异常：能耗效率低下，可能存在性能问题。

### 4. 设备状态分析
设备电量：36%
屏幕状态：开启
⚠️ 电量状态：设备电量较低，高能耗应用可能加速电量消耗。

### 5. 异常原因总结
异常分数：-0.0988 (分数越低越异常)
检测到的异常特征：前台运行时间过长(3.29小时)、前台能耗过高(1770mAh)、后台能耗过高(653mAh)、前台单位时间能耗过高(538.40mAh/小时)、后台单位时间能耗过高(5664.58mAh/小时)、总单位时间能耗过高(712.07mAh/小时)、设备电量较低(36%)

### 6. 优化建议
- 建议优化前台运行逻辑，减少不必要的前台时间
- 建议优化算法和资源使用，提高能耗效率
- 建议在低电量时限制高能耗操作
"
com.android.phone,vivo S15,2025-05-27,5745,431,1872,418,1173.05,3491.42,1334.84,37,-0.1286430491899231,前台运行时间过长(1.60小时)、前台能耗过高(1872mAh)、后台能耗过高(418mAh)、前台单位时间能耗过高(1173.05mAh/小时)、后台单位时间能耗过高(3491.42mAh/小时)、总单位时间能耗过高(1334.84mAh/小时)、设备电量较低(37%),"## 异常进程分析报告

### 1. 进程基本信息分析
进程名称：com.android.phone
设备型号：vivo S15
系统版本：V13.0.1.0
运行时段：2025-05-27 15:31:52 至 2025-05-27 17:14:48

### 2. 运行时间异常分析
前台运行时长：95.8分钟
后台运行时长：7.2分钟
⚠️ 前台运行时间异常：超过正常阈值，可能影响用户体验和电池续航。

### 3. 能耗异常分析
前台能耗：1872mAh
后台能耗：418mAh
前台单位时间能耗：1173.05mAh/小时
后台单位时间能耗：3491.42mAh/小时
总单位时间能耗：1334.84mAh/小时
⚠️ 能耗异常：总能耗超过正常范围，建议检查应用行为。
⚠️ 单位时间能耗异常：能耗效率低下，可能存在性能问题。

### 4. 设备状态分析
设备电量：37%
屏幕状态：开启
⚠️ 电量状态：设备电量较低，高能耗应用可能加速电量消耗。

### 5. 异常原因总结
异常分数：-0.1286 (分数越低越异常)
检测到的异常特征：前台运行时间过长(1.60小时)、前台能耗过高(1872mAh)、后台能耗过高(418mAh)、前台单位时间能耗过高(1173.05mAh/小时)、后台单位时间能耗过高(3491.42mAh/小时)、总单位时间能耗过高(1334.84mAh/小时)、设备电量较低(37%)

### 6. 优化建议
- 建议优化前台运行逻辑，减少不必要的前台时间
- 建议优化算法和资源使用，提高能耗效率
- 建议在低电量时限制高能耗操作
"
com.dianping.v1,vivo X90,2025-05-24,10375,1060,1239,597,429.92,2027.55,578.01,25,-0.0302324870768104,前台运行时间过长(2.88小时)、前台能耗过高(1239mAh)、后台能耗过高(597mAh)、前台单位时间能耗过高(429.92mAh/小时)、后台单位时间能耗过高(2027.55mAh/小时)、总单位时间能耗过高(578.01mAh/小时)、设备电量较低(25%),"## 异常进程分析报告

### 1. 进程基本信息分析
进程名称：com.dianping.v1
设备型号：vivo X90
系统版本：V13.0.1.0
运行时段：2025-05-24 21:51:52 至 2025-05-25 01:02:27

### 2. 运行时间异常分析
前台运行时长：172.9分钟
后台运行时长：17.7分钟
⚠️ 前台运行时间异常：超过正常阈值，可能影响用户体验和电池续航。

### 3. 能耗异常分析
前台能耗：1239mAh
后台能耗：597mAh
前台单位时间能耗：429.92mAh/小时
后台单位时间能耗：2027.55mAh/小时
总单位时间能耗：578.01mAh/小时
⚠️ 能耗异常：总能耗超过正常范围，建议检查应用行为。
⚠️ 单位时间能耗异常：能耗效率低下，可能存在性能问题。

### 4. 设备状态分析
设备电量：25%
屏幕状态：关闭
⚠️ 电量状态：设备电量较低，高能耗应用可能加速电量消耗。

### 5. 异常原因总结
异常分数：-0.0302 (分数越低越异常)
检测到的异常特征：前台运行时间过长(2.88小时)、前台能耗过高(1239mAh)、后台能耗过高(597mAh)、前台单位时间能耗过高(429.92mAh/小时)、后台单位时间能耗过高(2027.55mAh/小时)、总单位时间能耗过高(578.01mAh/小时)、设备电量较低(25%)

### 6. 优化建议
- 建议优化前台运行逻辑，减少不必要的前台时间
- 建议优化算法和资源使用，提高能耗效率
- 建议在低电量时限制高能耗操作
"
com.tencent.mobileqq,vivo S15,2025-05-13,71,13418,200,5,10140.85,1.34,54.71,93,-0.0395707770796123,前台单位时间能耗过高(10140.85mAh/小时),"## 异常进程分析报告

### 1. 进程基本信息分析
进程名称：com.tencent.mobileqq
设备型号：vivo S15
系统版本：V12.1.0.0
运行时段：2025-05-13 15:39:52 至 2025-05-13 19:24:41

### 2. 运行时间异常分析
前台运行时长：1.2分钟
后台运行时长：223.6分钟

### 3. 能耗异常分析
前台能耗：200mAh
后台能耗：5mAh
前台单位时间能耗：10140.85mAh/小时
后台单位时间能耗：1.34mAh/小时
总单位时间能耗：54.71mAh/小时

### 4. 设备状态分析
设备电量：93%
屏幕状态：关闭

### 5. 异常原因总结
异常分数：-0.0396 (分数越低越异常)
检测到的异常特征：前台单位时间能耗过高(10140.85mAh/小时)

### 6. 优化建议
"
com.taobao.taobao,vivo Y76s,2025-05-16,23244,1045,1556,437,240.99,1505.45,295.39,29,-0.0212968675725635,前台运行时间过长(6.46小时)、前台能耗过高(1556mAh)、后台能耗过高(437mAh)、前台单位时间能耗过高(240.99mAh/小时)、后台单位时间能耗过高(1505.45mAh/小时)、总单位时间能耗过高(295.39mAh/小时)、设备电量较低(29%),"## 异常进程分析报告

### 1. 进程基本信息分析
进程名称：com.taobao.taobao
设备型号：vivo Y76s
系统版本：V13.1.2.0
运行时段：2025-05-16 23:53:52 至 2025-05-17 06:38:41

### 2. 运行时间异常分析
前台运行时长：387.4分钟
后台运行时长：17.4分钟
⚠️ 前台运行时间异常：超过正常阈值，可能影响用户体验和电池续航。

### 3. 能耗异常分析
前台能耗：1556mAh
后台能耗：437mAh
前台单位时间能耗：240.99mAh/小时
后台单位时间能耗：1505.45mAh/小时
总单位时间能耗：295.39mAh/小时
⚠️ 能耗异常：总能耗超过正常范围，建议检查应用行为。
⚠️ 单位时间能耗异常：能耗效率低下，可能存在性能问题。

### 4. 设备状态分析
设备电量：29%
屏幕状态：关闭
⚠️ 电量状态：设备电量较低，高能耗应用可能加速电量消耗。

### 5. 异常原因总结
异常分数：-0.0213 (分数越低越异常)
检测到的异常特征：前台运行时间过长(6.46小时)、前台能耗过高(1556mAh)、后台能耗过高(437mAh)、前台单位时间能耗过高(240.99mAh/小时)、后台单位时间能耗过高(1505.45mAh/小时)、总单位时间能耗过高(295.39mAh/小时)、设备电量较低(29%)

### 6. 优化建议
- 建议优化前台运行逻辑，减少不必要的前台时间
- 建议优化算法和资源使用，提高能耗效率
- 建议在低电量时限制高能耗操作
"
com.tencent.tmgp.sgame,vivo X80,2025-05-04,7409,528,638,591,310.0,4029.55,557.44,30,-0.0591971656250177,前台运行时间过长(2.06小时)、前台能耗过高(638mAh)、后台能耗过高(591mAh)、前台单位时间能耗过高(310.00mAh/小时)、后台单位时间能耗过高(4029.55mAh/小时)、总单位时间能耗过高(557.44mAh/小时)、设备电量较低(30%),"## 异常进程分析报告

### 1. 进程基本信息分析
进程名称：com.tencent.tmgp.sgame
设备型号：vivo X80
系统版本：V12.5.3.0
运行时段：2025-05-04 14:10:52 至 2025-05-04 16:23:09

### 2. 运行时间异常分析
前台运行时长：123.5分钟
后台运行时长：8.8分钟
⚠️ 前台运行时间异常：超过正常阈值，可能影响用户体验和电池续航。

### 3. 能耗异常分析
前台能耗：638mAh
后台能耗：591mAh
前台单位时间能耗：310.00mAh/小时
后台单位时间能耗：4029.55mAh/小时
总单位时间能耗：557.44mAh/小时
⚠️ 能耗异常：总能耗超过正常范围，建议检查应用行为。
⚠️ 单位时间能耗异常：能耗效率低下，可能存在性能问题。

### 4. 设备状态分析
设备电量：30%
屏幕状态：关闭
⚠️ 电量状态：设备电量较低，高能耗应用可能加速电量消耗。

### 5. 异常原因总结
异常分数：-0.0592 (分数越低越异常)
检测到的异常特征：前台运行时间过长(2.06小时)、前台能耗过高(638mAh)、后台能耗过高(591mAh)、前台单位时间能耗过高(310.00mAh/小时)、后台单位时间能耗过高(4029.55mAh/小时)、总单位时间能耗过高(557.44mAh/小时)、设备电量较低(30%)

### 6. 优化建议
- 建议优化前台运行逻辑，减少不必要的前台时间
- 建议优化算法和资源使用，提高能耗效率
- 建议在低电量时限制高能耗操作
"
com.tencent.mobileqq,vivo X80,2025-05-19,14979,806,1905,378,457.84,1688.34,520.67,24,-0.0437821890933893,前台运行时间过长(4.16小时)、前台能耗过高(1905mAh)、后台能耗过高(378mAh)、前台单位时间能耗过高(457.84mAh/小时)、后台单位时间能耗过高(1688.34mAh/小时)、总单位时间能耗过高(520.67mAh/小时)、设备电量较低(24%),"## 异常进程分析报告

### 1. 进程基本信息分析
进程名称：com.tencent.mobileqq
设备型号：vivo X80
系统版本：V11.2.1.0
运行时段：2025-05-19 17:31:52 至 2025-05-19 21:54:57

### 2. 运行时间异常分析
前台运行时长：249.7分钟
后台运行时长：13.4分钟
⚠️ 前台运行时间异常：超过正常阈值，可能影响用户体验和电池续航。

### 3. 能耗异常分析
前台能耗：1905mAh
后台能耗：378mAh
前台单位时间能耗：457.84mAh/小时
后台单位时间能耗：1688.34mAh/小时
总单位时间能耗：520.67mAh/小时
⚠️ 能耗异常：总能耗超过正常范围，建议检查应用行为。
⚠️ 单位时间能耗异常：能耗效率低下，可能存在性能问题。

### 4. 设备状态分析
设备电量：24%
屏幕状态：开启
⚠️ 电量状态：设备电量较低，高能耗应用可能加速电量消耗。

### 5. 异常原因总结
异常分数：-0.0438 (分数越低越异常)
检测到的异常特征：前台运行时间过长(4.16小时)、前台能耗过高(1905mAh)、后台能耗过高(378mAh)、前台单位时间能耗过高(457.84mAh/小时)、后台单位时间能耗过高(1688.34mAh/小时)、总单位时间能耗过高(520.67mAh/小时)、设备电量较低(24%)

### 6. 优化建议
- 建议优化前台运行逻辑，减少不必要的前台时间
- 建议优化算法和资源使用，提高能耗效率
- 建议在低电量时限制高能耗操作
"
com.ss.android.ugc.aweme,vivo S15,2025-05-21,81,1801,143,22,6355.56,43.98,315.62,82,-0.020518383430264,前台单位时间能耗过高(6355.56mAh/小时)、总单位时间能耗过高(315.62mAh/小时),"## 异常进程分析报告

### 1. 进程基本信息分析
进程名称：com.ss.android.ugc.aweme
设备型号：vivo S15
系统版本：V12.1.0.0
运行时段：2025-05-21 19:49:52 至 2025-05-21 20:21:14

### 2. 运行时间异常分析
前台运行时长：1.4分钟
后台运行时长：30.0分钟

### 3. 能耗异常分析
前台能耗：143mAh
后台能耗：22mAh
前台单位时间能耗：6355.56mAh/小时
后台单位时间能耗：43.98mAh/小时
总单位时间能耗：315.62mAh/小时
⚠️ 单位时间能耗异常：能耗效率低下，可能存在性能问题。

### 4. 设备状态分析
设备电量：82%
屏幕状态：开启

### 5. 异常原因总结
异常分数：-0.0205 (分数越低越异常)
检测到的异常特征：前台单位时间能耗过高(6355.56mAh/小时)、总单位时间能耗过高(315.62mAh/小时)

### 6. 优化建议
- 建议优化算法和资源使用，提高能耗效率
"
com.UCMobile,vivo S15,2025-05-26,10716,700,1360,519,456.89,2669.14,592.54,35,-0.0329195100779902,前台运行时间过长(2.98小时)、前台能耗过高(1360mAh)、后台能耗过高(519mAh)、前台单位时间能耗过高(456.89mAh/小时)、后台单位时间能耗过高(2669.14mAh/小时)、总单位时间能耗过高(592.54mAh/小时)、设备电量较低(35%),"## 异常进程分析报告

### 1. 进程基本信息分析
进程名称：com.UCMobile
设备型号：vivo S15
系统版本：V13.0.1.0
运行时段：2025-05-26 06:56:52 至 2025-05-26 10:07:08

### 2. 运行时间异常分析
前台运行时长：178.6分钟
后台运行时长：11.7分钟
⚠️ 前台运行时间异常：超过正常阈值，可能影响用户体验和电池续航。

### 3. 能耗异常分析
前台能耗：1360mAh
后台能耗：519mAh
前台单位时间能耗：456.89mAh/小时
后台单位时间能耗：2669.14mAh/小时
总单位时间能耗：592.54mAh/小时
⚠️ 能耗异常：总能耗超过正常范围，建议检查应用行为。
⚠️ 单位时间能耗异常：能耗效率低下，可能存在性能问题。

### 4. 设备状态分析
设备电量：35%
屏幕状态：开启
⚠️ 电量状态：设备电量较低，高能耗应用可能加速电量消耗。

### 5. 异常原因总结
异常分数：-0.0329 (分数越低越异常)
检测到的异常特征：前台运行时间过长(2.98小时)、前台能耗过高(1360mAh)、后台能耗过高(519mAh)、前台单位时间能耗过高(456.89mAh/小时)、后台单位时间能耗过高(2669.14mAh/小时)、总单位时间能耗过高(592.54mAh/小时)、设备电量较低(35%)

### 6. 优化建议
- 建议优化前台运行逻辑，减少不必要的前台时间
- 建议优化算法和资源使用，提高能耗效率
- 建议在低电量时限制高能耗操作
"
com.android.phone,vivo NEX 3S,2025-05-25,21260,1677,1293,394,218.95,845.8,264.78,26,-0.0242361133115254,前台运行时间过长(5.91小时)、前台能耗过高(1293mAh)、后台能耗过高(394mAh)、前台单位时间能耗过高(218.95mAh/小时)、后台单位时间能耗过高(845.80mAh/小时)、总单位时间能耗过高(264.78mAh/小时)、设备电量较低(26%),"## 异常进程分析报告

### 1. 进程基本信息分析
进程名称：com.android.phone
设备型号：vivo NEX 3S
系统版本：V13.0.1.0
运行时段：2025-05-25 22:19:52 至 2025-05-26 04:42:09

### 2. 运行时间异常分析
前台运行时长：354.3分钟
后台运行时长：27.9分钟
⚠️ 前台运行时间异常：超过正常阈值，可能影响用户体验和电池续航。

### 3. 能耗异常分析
前台能耗：1293mAh
后台能耗：394mAh
前台单位时间能耗：218.95mAh/小时
后台单位时间能耗：845.80mAh/小时
总单位时间能耗：264.78mAh/小时
⚠️ 能耗异常：总能耗超过正常范围，建议检查应用行为。
⚠️ 单位时间能耗异常：能耗效率低下，可能存在性能问题。

### 4. 设备状态分析
设备电量：26%
屏幕状态：开启
⚠️ 电量状态：设备电量较低，高能耗应用可能加速电量消耗。

### 5. 异常原因总结
异常分数：-0.0242 (分数越低越异常)
检测到的异常特征：前台运行时间过长(5.91小时)、前台能耗过高(1293mAh)、后台能耗过高(394mAh)、前台单位时间能耗过高(218.95mAh/小时)、后台单位时间能耗过高(845.80mAh/小时)、总单位时间能耗过高(264.78mAh/小时)、设备电量较低(26%)

### 6. 优化建议
- 建议优化前台运行逻辑，减少不必要的前台时间
- 建议优化算法和资源使用，提高能耗效率
- 建议在低电量时限制高能耗操作
"
com.tencent.mm,vivo iQOO 9,2025-05-12,25190,136,589,332,84.18,8788.24,130.92,15,-0.0962014527156874,前台运行时间过长(7.00小时)、前台能耗过高(589mAh)、后台能耗过高(332mAh)、后台单位时间能耗过高(8788.24mAh/小时)、设备电量较低(15%),"## 异常进程分析报告

### 1. 进程基本信息分析
进程名称：com.tencent.mm
设备型号：vivo iQOO 9
系统版本：V13.0.1.0
运行时段：2025-05-12 22:58:52 至 2025-05-13 06:00:58

### 2. 运行时间异常分析
前台运行时长：419.8分钟
后台运行时长：2.3分钟
⚠️ 前台运行时间异常：超过正常阈值，可能影响用户体验和电池续航。

### 3. 能耗异常分析
前台能耗：589mAh
后台能耗：332mAh
前台单位时间能耗：84.18mAh/小时
后台单位时间能耗：8788.24mAh/小时
总单位时间能耗：130.92mAh/小时
⚠️ 能耗异常：总能耗超过正常范围，建议检查应用行为。

### 4. 设备状态分析
设备电量：15%
屏幕状态：关闭
⚠️ 电量状态：设备电量较低，高能耗应用可能加速电量消耗。

### 5. 异常原因总结
异常分数：-0.0962 (分数越低越异常)
检测到的异常特征：前台运行时间过长(7.00小时)、前台能耗过高(589mAh)、后台能耗过高(332mAh)、后台单位时间能耗过高(8788.24mAh/小时)、设备电量较低(15%)

### 6. 优化建议
- 建议优化前台运行逻辑，减少不必要的前台时间
- 建议在低电量时限制高能耗操作
"
com.autonavi.minimap,vivo NEX 3S,2025-05-03,18685,728,819,341,157.8,1686.26,215.11,18,-0.016449197683609,前台运行时间过长(5.19小时)、前台能耗过高(819mAh)、后台能耗过高(341mAh)、前台单位时间能耗过高(157.80mAh/小时)、后台单位时间能耗过高(1686.26mAh/小时)、总单位时间能耗过高(215.11mAh/小时)、设备电量较低(18%),"## 异常进程分析报告

### 1. 进程基本信息分析
进程名称：com.autonavi.minimap
设备型号：vivo NEX 3S
系统版本：V12.5.3.0
运行时段：2025-05-03 14:56:52 至 2025-05-03 20:20:25

### 2. 运行时间异常分析
前台运行时长：311.4分钟
后台运行时长：12.1分钟
⚠️ 前台运行时间异常：超过正常阈值，可能影响用户体验和电池续航。

### 3. 能耗异常分析
前台能耗：819mAh
后台能耗：341mAh
前台单位时间能耗：157.80mAh/小时
后台单位时间能耗：1686.26mAh/小时
总单位时间能耗：215.11mAh/小时
⚠️ 能耗异常：总能耗超过正常范围，建议检查应用行为。
⚠️ 单位时间能耗异常：能耗效率低下，可能存在性能问题。

### 4. 设备状态分析
设备电量：18%
屏幕状态：关闭
⚠️ 电量状态：设备电量较低，高能耗应用可能加速电量消耗。

### 5. 异常原因总结
异常分数：-0.0164 (分数越低越异常)
检测到的异常特征：前台运行时间过长(5.19小时)、前台能耗过高(819mAh)、后台能耗过高(341mAh)、前台单位时间能耗过高(157.80mAh/小时)、后台单位时间能耗过高(1686.26mAh/小时)、总单位时间能耗过高(215.11mAh/小时)、设备电量较低(18%)

### 6. 优化建议
- 建议优化前台运行逻辑，减少不必要的前台时间
- 建议优化算法和资源使用，提高能耗效率
- 建议在低电量时限制高能耗操作
"
com.eg.android.AlipayGphone,vivo S15,2025-05-10,25055,17,636,597,91.38,126423.53,177.04,31,-0.139532102949537,前台运行时间过长(6.96小时)、前台能耗过高(636mAh)、后台能耗过高(597mAh)、后台单位时间能耗过高(126423.53mAh/小时)、设备电量较低(31%),"## 异常进程分析报告

### 1. 进程基本信息分析
进程名称：com.eg.android.AlipayGphone
设备型号：vivo S15
系统版本：V13.0.1.0
运行时段：2025-05-10 13:48:52 至 2025-05-10 20:46:44

### 2. 运行时间异常分析
前台运行时长：417.6分钟
后台运行时长：0.3分钟
⚠️ 前台运行时间异常：超过正常阈值，可能影响用户体验和电池续航。

### 3. 能耗异常分析
前台能耗：636mAh
后台能耗：597mAh
前台单位时间能耗：91.38mAh/小时
后台单位时间能耗：126423.53mAh/小时
总单位时间能耗：177.04mAh/小时
⚠️ 能耗异常：总能耗超过正常范围，建议检查应用行为。

### 4. 设备状态分析
设备电量：31%
屏幕状态：开启
⚠️ 电量状态：设备电量较低，高能耗应用可能加速电量消耗。

### 5. 异常原因总结
异常分数：-0.1395 (分数越低越异常)
检测到的异常特征：前台运行时间过长(6.96小时)、前台能耗过高(636mAh)、后台能耗过高(597mAh)、后台单位时间能耗过高(126423.53mAh/小时)、设备电量较低(31%)

### 6. 优化建议
- 建议优化前台运行逻辑，减少不必要的前台时间
- 建议在低电量时限制高能耗操作
"
com.taobao.taobao,vivo X90,2025-05-20,13936,992,1722,744,444.83,2700.0,594.69,12,-0.0669955144445922,前台运行时间过长(3.87小时)、前台能耗过高(1722mAh)、后台能耗过高(744mAh)、前台单位时间能耗过高(444.83mAh/小时)、后台单位时间能耗过高(2700.00mAh/小时)、总单位时间能耗过高(594.69mAh/小时)、设备电量较低(12%),"## 异常进程分析报告

### 1. 进程基本信息分析
进程名称：com.taobao.taobao
设备型号：vivo X90
系统版本：V13.1.2.0
运行时段：2025-05-20 16:20:52 至 2025-05-20 20:29:40

### 2. 运行时间异常分析
前台运行时长：232.3分钟
后台运行时长：16.5分钟
⚠️ 前台运行时间异常：超过正常阈值，可能影响用户体验和电池续航。

### 3. 能耗异常分析
前台能耗：1722mAh
后台能耗：744mAh
前台单位时间能耗：444.83mAh/小时
后台单位时间能耗：2700.00mAh/小时
总单位时间能耗：594.69mAh/小时
⚠️ 能耗异常：总能耗超过正常范围，建议检查应用行为。
⚠️ 单位时间能耗异常：能耗效率低下，可能存在性能问题。

### 4. 设备状态分析
设备电量：12%
屏幕状态：关闭
⚠️ 电量状态：设备电量较低，高能耗应用可能加速电量消耗。

### 5. 异常原因总结
异常分数：-0.0670 (分数越低越异常)
检测到的异常特征：前台运行时间过长(3.87小时)、前台能耗过高(1722mAh)、后台能耗过高(744mAh)、前台单位时间能耗过高(444.83mAh/小时)、后台单位时间能耗过高(2700.00mAh/小时)、总单位时间能耗过高(594.69mAh/小时)、设备电量较低(12%)

### 6. 优化建议
- 建议优化前台运行逻辑，减少不必要的前台时间
- 建议优化算法和资源使用，提高能耗效率
- 建议在低电量时限制高能耗操作
"
com.youku.phone,vivo NEX 3S,2025-05-17,12043,1799,1292,230,386.22,460.26,395.84,40,-0.0343798641027118,前台运行时间过长(3.35小时)、前台能耗过高(1292mAh)、后台能耗过高(230mAh)、前台单位时间能耗过高(386.22mAh/小时)、后台单位时间能耗过高(460.26mAh/小时)、总单位时间能耗过高(395.84mAh/小时)、设备电量较低(40%),"## 异常进程分析报告

### 1. 进程基本信息分析
进程名称：com.youku.phone
设备型号：vivo NEX 3S
系统版本：V12.5.3.0
运行时段：2025-05-17 00:14:52 至 2025-05-17 04:05:34

### 2. 运行时间异常分析
前台运行时长：200.7分钟
后台运行时长：30.0分钟
⚠️ 前台运行时间异常：超过正常阈值，可能影响用户体验和电池续航。

### 3. 能耗异常分析
前台能耗：1292mAh
后台能耗：230mAh
前台单位时间能耗：386.22mAh/小时
后台单位时间能耗：460.26mAh/小时
总单位时间能耗：395.84mAh/小时
⚠️ 能耗异常：总能耗超过正常范围，建议检查应用行为。
⚠️ 单位时间能耗异常：能耗效率低下，可能存在性能问题。

### 4. 设备状态分析
设备电量：40%
屏幕状态：开启
⚠️ 电量状态：设备电量较低，高能耗应用可能加速电量消耗。

### 5. 异常原因总结
异常分数：-0.0344 (分数越低越异常)
检测到的异常特征：前台运行时间过长(3.35小时)、前台能耗过高(1292mAh)、后台能耗过高(230mAh)、前台单位时间能耗过高(386.22mAh/小时)、后台单位时间能耗过高(460.26mAh/小时)、总单位时间能耗过高(395.84mAh/小时)、设备电量较低(40%)

### 6. 优化建议
- 建议优化前台运行逻辑，减少不必要的前台时间
- 建议优化算法和资源使用，提高能耗效率
- 建议在低电量时限制高能耗操作
"
com.dianping.v1,vivo X80,2025-05-19,18466,1208,1959,406,381.91,1209.93,432.75,38,-0.0443401318350875,前台运行时间过长(5.13小时)、前台能耗过高(1959mAh)、后台能耗过高(406mAh)、前台单位时间能耗过高(381.91mAh/小时)、后台单位时间能耗过高(1209.93mAh/小时)、总单位时间能耗过高(432.75mAh/小时)、设备电量较低(38%),"## 异常进程分析报告

### 1. 进程基本信息分析
进程名称：com.dianping.v1
设备型号：vivo X80
系统版本：V11.2.1.0
运行时段：2025-05-19 22:37:52 至 2025-05-20 04:05:46

### 2. 运行时间异常分析
前台运行时长：307.8分钟
后台运行时长：20.1分钟
⚠️ 前台运行时间异常：超过正常阈值，可能影响用户体验和电池续航。

### 3. 能耗异常分析
前台能耗：1959mAh
后台能耗：406mAh
前台单位时间能耗：381.91mAh/小时
后台单位时间能耗：1209.93mAh/小时
总单位时间能耗：432.75mAh/小时
⚠️ 能耗异常：总能耗超过正常范围，建议检查应用行为。
⚠️ 单位时间能耗异常：能耗效率低下，可能存在性能问题。

### 4. 设备状态分析
设备电量：38%
屏幕状态：关闭
⚠️ 电量状态：设备电量较低，高能耗应用可能加速电量消耗。

### 5. 异常原因总结
异常分数：-0.0443 (分数越低越异常)
检测到的异常特征：前台运行时间过长(5.13小时)、前台能耗过高(1959mAh)、后台能耗过高(406mAh)、前台单位时间能耗过高(381.91mAh/小时)、后台单位时间能耗过高(1209.93mAh/小时)、总单位时间能耗过高(432.75mAh/小时)、设备电量较低(38%)

### 6. 优化建议
- 建议优化前台运行逻辑，减少不必要的前台时间
- 建议优化算法和资源使用，提高能耗效率
- 建议在低电量时限制高能耗操作
"
com.qiyi.video,vivo S15,2025-05-10,26741,920,1798,571,242.06,2234.35,308.32,12,-0.0581970621878662,前台运行时间过长(7.43小时)、前台能耗过高(1798mAh)、后台能耗过高(571mAh)、前台单位时间能耗过高(242.06mAh/小时)、后台单位时间能耗过高(2234.35mAh/小时)、总单位时间能耗过高(308.32mAh/小时)、设备电量较低(12%),"## 异常进程分析报告

### 1. 进程基本信息分析
进程名称：com.qiyi.video
设备型号：vivo S15
系统版本：V12.5.3.0
运行时段：2025-05-10 09:58:52 至 2025-05-10 17:39:53

### 2. 运行时间异常分析
前台运行时长：445.7分钟
后台运行时长：15.3分钟
⚠️ 前台运行时间异常：超过正常阈值，可能影响用户体验和电池续航。

### 3. 能耗异常分析
前台能耗：1798mAh
后台能耗：571mAh
前台单位时间能耗：242.06mAh/小时
后台单位时间能耗：2234.35mAh/小时
总单位时间能耗：308.32mAh/小时
⚠️ 能耗异常：总能耗超过正常范围，建议检查应用行为。
⚠️ 单位时间能耗异常：能耗效率低下，可能存在性能问题。

### 4. 设备状态分析
设备电量：12%
屏幕状态：开启
⚠️ 电量状态：设备电量较低，高能耗应用可能加速电量消耗。

### 5. 异常原因总结
异常分数：-0.0582 (分数越低越异常)
检测到的异常特征：前台运行时间过长(7.43小时)、前台能耗过高(1798mAh)、后台能耗过高(571mAh)、前台单位时间能耗过高(242.06mAh/小时)、后台单位时间能耗过高(2234.35mAh/小时)、总单位时间能耗过高(308.32mAh/小时)、设备电量较低(12%)

### 6. 优化建议
- 建议优化前台运行逻辑，减少不必要的前台时间
- 建议优化算法和资源使用，提高能耗效率
- 建议在低电量时限制高能耗操作
"
com.UCMobile,vivo NEX 3S,2025-05-15,13160,1656,1778,227,486.38,493.48,487.18,19,-0.0671795048036206,前台运行时间过长(3.66小时)、前台能耗过高(1778mAh)、后台能耗过高(227mAh)、前台单位时间能耗过高(486.38mAh/小时)、后台单位时间能耗过高(493.48mAh/小时)、总单位时间能耗过高(487.18mAh/小时)、设备电量较低(19%),"## 异常进程分析报告

### 1. 进程基本信息分析
进程名称：com.UCMobile
设备型号：vivo NEX 3S
系统版本：V11.2.1.0
运行时段：2025-05-15 03:29:52 至 2025-05-15 07:36:48

### 2. 运行时间异常分析
前台运行时长：219.3分钟
后台运行时长：27.6分钟
⚠️ 前台运行时间异常：超过正常阈值，可能影响用户体验和电池续航。

### 3. 能耗异常分析
前台能耗：1778mAh
后台能耗：227mAh
前台单位时间能耗：486.38mAh/小时
后台单位时间能耗：493.48mAh/小时
总单位时间能耗：487.18mAh/小时
⚠️ 能耗异常：总能耗超过正常范围，建议检查应用行为。
⚠️ 单位时间能耗异常：能耗效率低下，可能存在性能问题。

### 4. 设备状态分析
设备电量：19%
屏幕状态：关闭
⚠️ 电量状态：设备电量较低，高能耗应用可能加速电量消耗。

### 5. 异常原因总结
异常分数：-0.0672 (分数越低越异常)
检测到的异常特征：前台运行时间过长(3.66小时)、前台能耗过高(1778mAh)、后台能耗过高(227mAh)、前台单位时间能耗过高(486.38mAh/小时)、后台单位时间能耗过高(493.48mAh/小时)、总单位时间能耗过高(487.18mAh/小时)、设备电量较低(19%)

### 6. 优化建议
- 建议优化前台运行逻辑，减少不必要的前台时间
- 建议优化算法和资源使用，提高能耗效率
- 建议在低电量时限制高能耗操作
"
com.qiyi.video,vivo Y76s,2025-06-01,21208,360,823,229,139.7,2290.0,175.59,25,-0.0273268917449365,前台运行时间过长(5.89小时)、前台能耗过高(823mAh)、后台能耗过高(229mAh)、后台单位时间能耗过高(2290.00mAh/小时)、设备电量较低(25%),"## 异常进程分析报告

### 1. 进程基本信息分析
进程名称：com.qiyi.video
设备型号：vivo Y76s
系统版本：V12.5.3.0
运行时段：2025-06-01 05:18:52 至 2025-06-01 11:18:20

### 2. 运行时间异常分析
前台运行时长：353.5分钟
后台运行时长：6.0分钟
⚠️ 前台运行时间异常：超过正常阈值，可能影响用户体验和电池续航。

### 3. 能耗异常分析
前台能耗：823mAh
后台能耗：229mAh
前台单位时间能耗：139.70mAh/小时
后台单位时间能耗：2290.00mAh/小时
总单位时间能耗：175.59mAh/小时
⚠️ 能耗异常：总能耗超过正常范围，建议检查应用行为。

### 4. 设备状态分析
设备电量：25%
屏幕状态：关闭
⚠️ 电量状态：设备电量较低，高能耗应用可能加速电量消耗。

### 5. 异常原因总结
异常分数：-0.0273 (分数越低越异常)
检测到的异常特征：前台运行时间过长(5.89小时)、前台能耗过高(823mAh)、后台能耗过高(229mAh)、后台单位时间能耗过高(2290.00mAh/小时)、设备电量较低(25%)

### 6. 优化建议
- 建议优化前台运行逻辑，减少不必要的前台时间
- 建议在低电量时限制高能耗操作
"
com.sankuai.meituan,vivo Y76s,2025-05-06,17628,1507,1005,453,205.24,1082.15,274.3,20,-0.0261692006219096,前台运行时间过长(4.90小时)、前台能耗过高(1005mAh)、后台能耗过高(453mAh)、前台单位时间能耗过高(205.24mAh/小时)、后台单位时间能耗过高(1082.15mAh/小时)、总单位时间能耗过高(274.30mAh/小时)、设备电量较低(20%),"## 异常进程分析报告

### 1. 进程基本信息分析
进程名称：com.sankuai.meituan
设备型号：vivo Y76s
系统版本：V11.2.1.0
运行时段：2025-05-06 18:48:52 至 2025-05-07 00:07:47

### 2. 运行时间异常分析
前台运行时长：293.8分钟
后台运行时长：25.1分钟
⚠️ 前台运行时间异常：超过正常阈值，可能影响用户体验和电池续航。

### 3. 能耗异常分析
前台能耗：1005mAh
后台能耗：453mAh
前台单位时间能耗：205.24mAh/小时
后台单位时间能耗：1082.15mAh/小时
总单位时间能耗：274.30mAh/小时
⚠️ 能耗异常：总能耗超过正常范围，建议检查应用行为。
⚠️ 单位时间能耗异常：能耗效率低下，可能存在性能问题。

### 4. 设备状态分析
设备电量：20%
屏幕状态：关闭
⚠️ 电量状态：设备电量较低，高能耗应用可能加速电量消耗。

### 5. 异常原因总结
异常分数：-0.0262 (分数越低越异常)
检测到的异常特征：前台运行时间过长(4.90小时)、前台能耗过高(1005mAh)、后台能耗过高(453mAh)、前台单位时间能耗过高(205.24mAh/小时)、后台单位时间能耗过高(1082.15mAh/小时)、总单位时间能耗过高(274.30mAh/小时)、设备电量较低(20%)

### 6. 优化建议
- 建议优化前台运行逻辑，减少不必要的前台时间
- 建议优化算法和资源使用，提高能耗效率
- 建议在低电量时限制高能耗操作
"
com.eg.android.AlipayGphone,vivo iQOO 9,2025-05-04,9459,590,657,311,250.05,1897.63,346.78,15,-0.0344539257336409,前台运行时间过长(2.63小时)、前台能耗过高(657mAh)、后台能耗过高(311mAh)、前台单位时间能耗过高(250.05mAh/小时)、后台单位时间能耗过高(1897.63mAh/小时)、总单位时间能耗过高(346.78mAh/小时)、设备电量较低(15%),"## 异常进程分析报告

### 1. 进程基本信息分析
进程名称：com.eg.android.AlipayGphone
设备型号：vivo iQOO 9
系统版本：V12.5.3.0
运行时段：2025-05-04 19:00:52 至 2025-05-04 21:48:21

### 2. 运行时间异常分析
前台运行时长：157.7分钟
后台运行时长：9.8分钟
⚠️ 前台运行时间异常：超过正常阈值，可能影响用户体验和电池续航。

### 3. 能耗异常分析
前台能耗：657mAh
后台能耗：311mAh
前台单位时间能耗：250.05mAh/小时
后台单位时间能耗：1897.63mAh/小时
总单位时间能耗：346.78mAh/小时
⚠️ 能耗异常：总能耗超过正常范围，建议检查应用行为。
⚠️ 单位时间能耗异常：能耗效率低下，可能存在性能问题。

### 4. 设备状态分析
设备电量：15%
屏幕状态：关闭
⚠️ 电量状态：设备电量较低，高能耗应用可能加速电量消耗。

### 5. 异常原因总结
异常分数：-0.0345 (分数越低越异常)
检测到的异常特征：前台运行时间过长(2.63小时)、前台能耗过高(657mAh)、后台能耗过高(311mAh)、前台单位时间能耗过高(250.05mAh/小时)、后台单位时间能耗过高(1897.63mAh/小时)、总单位时间能耗过高(346.78mAh/小时)、设备电量较低(15%)

### 6. 优化建议
- 建议优化前台运行逻辑，减少不必要的前台时间
- 建议优化算法和资源使用，提高能耗效率
- 建议在低电量时限制高能耗操作
"
com.youku.phone,vivo iQOO 9,2025-05-26,13985,704,802,581,206.45,2971.02,338.95,24,-0.0187167015215997,前台运行时间过长(3.88小时)、前台能耗过高(802mAh)、后台能耗过高(581mAh)、前台单位时间能耗过高(206.45mAh/小时)、后台单位时间能耗过高(2971.02mAh/小时)、总单位时间能耗过高(338.95mAh/小时)、设备电量较低(24%),"## 异常进程分析报告

### 1. 进程基本信息分析
进程名称：com.youku.phone
设备型号：vivo iQOO 9
系统版本：V13.0.1.0
运行时段：2025-05-26 15:20:52 至 2025-05-26 19:25:41

### 2. 运行时间异常分析
前台运行时长：233.1分钟
后台运行时长：11.7分钟
⚠️ 前台运行时间异常：超过正常阈值，可能影响用户体验和电池续航。

### 3. 能耗异常分析
前台能耗：802mAh
后台能耗：581mAh
前台单位时间能耗：206.45mAh/小时
后台单位时间能耗：2971.02mAh/小时
总单位时间能耗：338.95mAh/小时
⚠️ 能耗异常：总能耗超过正常范围，建议检查应用行为。
⚠️ 单位时间能耗异常：能耗效率低下，可能存在性能问题。

### 4. 设备状态分析
设备电量：24%
屏幕状态：关闭
⚠️ 电量状态：设备电量较低，高能耗应用可能加速电量消耗。

### 5. 异常原因总结
异常分数：-0.0187 (分数越低越异常)
检测到的异常特征：前台运行时间过长(3.88小时)、前台能耗过高(802mAh)、后台能耗过高(581mAh)、前台单位时间能耗过高(206.45mAh/小时)、后台单位时间能耗过高(2971.02mAh/小时)、总单位时间能耗过高(338.95mAh/小时)、设备电量较低(24%)

### 6. 优化建议
- 建议优化前台运行逻辑，减少不必要的前台时间
- 建议优化算法和资源使用，提高能耗效率
- 建议在低电量时限制高能耗操作
"
com.qiyi.video,vivo iQOO 9,2025-05-10,22606,720,794,213,126.44,1065.0,155.41,14,-0.0373506378312672,前台运行时间过长(6.28小时)、前台能耗过高(794mAh)、后台能耗过高(213mAh)、后台单位时间能耗过高(1065.00mAh/小时)、设备电量较低(14%),"## 异常进程分析报告

### 1. 进程基本信息分析
进程名称：com.qiyi.video
设备型号：vivo iQOO 9
系统版本：V12.5.3.0
运行时段：2025-05-10 10:42:52 至 2025-05-10 17:11:38

### 2. 运行时间异常分析
前台运行时长：376.8分钟
后台运行时长：12.0分钟
⚠️ 前台运行时间异常：超过正常阈值，可能影响用户体验和电池续航。

### 3. 能耗异常分析
前台能耗：794mAh
后台能耗：213mAh
前台单位时间能耗：126.44mAh/小时
后台单位时间能耗：1065.00mAh/小时
总单位时间能耗：155.41mAh/小时
⚠️ 能耗异常：总能耗超过正常范围，建议检查应用行为。

### 4. 设备状态分析
设备电量：14%
屏幕状态：开启
⚠️ 电量状态：设备电量较低，高能耗应用可能加速电量消耗。

### 5. 异常原因总结
异常分数：-0.0374 (分数越低越异常)
检测到的异常特征：前台运行时间过长(6.28小时)、前台能耗过高(794mAh)、后台能耗过高(213mAh)、后台单位时间能耗过高(1065.00mAh/小时)、设备电量较低(14%)

### 6. 优化建议
- 建议优化前台运行逻辑，减少不必要的前台时间
- 建议在低电量时限制高能耗操作
"
com.android.phone,vivo Y76s,2025-05-11,7496,518,588,267,282.39,1855.6,384.08,19,-0.0365684739417679,前台运行时间过长(2.08小时)、前台能耗过高(588mAh)、后台能耗过高(267mAh)、前台单位时间能耗过高(282.39mAh/小时)、后台单位时间能耗过高(1855.60mAh/小时)、总单位时间能耗过高(384.08mAh/小时)、设备电量较低(19%),"## 异常进程分析报告

### 1. 进程基本信息分析
进程名称：com.android.phone
设备型号：vivo Y76s
系统版本：V13.1.2.0
运行时段：2025-05-11 16:28:52 至 2025-05-11 18:42:26

### 2. 运行时间异常分析
前台运行时长：124.9分钟
后台运行时长：8.6分钟
⚠️ 前台运行时间异常：超过正常阈值，可能影响用户体验和电池续航。

### 3. 能耗异常分析
前台能耗：588mAh
后台能耗：267mAh
前台单位时间能耗：282.39mAh/小时
后台单位时间能耗：1855.60mAh/小时
总单位时间能耗：384.08mAh/小时
⚠️ 能耗异常：总能耗超过正常范围，建议检查应用行为。
⚠️ 单位时间能耗异常：能耗效率低下，可能存在性能问题。

### 4. 设备状态分析
设备电量：19%
屏幕状态：关闭
⚠️ 电量状态：设备电量较低，高能耗应用可能加速电量消耗。

### 5. 异常原因总结
异常分数：-0.0366 (分数越低越异常)
检测到的异常特征：前台运行时间过长(2.08小时)、前台能耗过高(588mAh)、后台能耗过高(267mAh)、前台单位时间能耗过高(282.39mAh/小时)、后台单位时间能耗过高(1855.60mAh/小时)、总单位时间能耗过高(384.08mAh/小时)、设备电量较低(19%)

### 6. 优化建议
- 建议优化前台运行逻辑，减少不必要的前台时间
- 建议优化算法和资源使用，提高能耗效率
- 建议在低电量时限制高能耗操作
"
com.autonavi.minimap,vivo X90,2025-05-27,8369,1732,1068,793,459.41,1648.27,663.26,21,-0.0771157562711509,前台运行时间过长(2.32小时)、前台能耗过高(1068mAh)、后台能耗过高(793mAh)、前台单位时间能耗过高(459.41mAh/小时)、后台单位时间能耗过高(1648.27mAh/小时)、总单位时间能耗过高(663.26mAh/小时)、设备电量较低(21%),"## 异常进程分析报告

### 1. 进程基本信息分析
进程名称：com.autonavi.minimap
设备型号：vivo X90
系统版本：V13.1.2.0
运行时段：2025-05-27 11:43:52 至 2025-05-27 14:32:13

### 2. 运行时间异常分析
前台运行时长：139.5分钟
后台运行时长：28.9分钟
⚠️ 前台运行时间异常：超过正常阈值，可能影响用户体验和电池续航。

### 3. 能耗异常分析
前台能耗：1068mAh
后台能耗：793mAh
前台单位时间能耗：459.41mAh/小时
后台单位时间能耗：1648.27mAh/小时
总单位时间能耗：663.26mAh/小时
⚠️ 能耗异常：总能耗超过正常范围，建议检查应用行为。
⚠️ 单位时间能耗异常：能耗效率低下，可能存在性能问题。

### 4. 设备状态分析
设备电量：21%
屏幕状态：关闭
⚠️ 电量状态：设备电量较低，高能耗应用可能加速电量消耗。

### 5. 异常原因总结
异常分数：-0.0771 (分数越低越异常)
检测到的异常特征：前台运行时间过长(2.32小时)、前台能耗过高(1068mAh)、后台能耗过高(793mAh)、前台单位时间能耗过高(459.41mAh/小时)、后台单位时间能耗过高(1648.27mAh/小时)、总单位时间能耗过高(663.26mAh/小时)、设备电量较低(21%)

### 6. 优化建议
- 建议优化前台运行逻辑，减少不必要的前台时间
- 建议优化算法和资源使用，提高能耗效率
- 建议在低电量时限制高能耗操作
"
com.youku.phone,vivo iQOO 9,2025-05-29,10710,1465,892,488,299.83,1199.18,408.05,15,-0.0395014189034726,前台运行时间过长(2.98小时)、前台能耗过高(892mAh)、后台能耗过高(488mAh)、前台单位时间能耗过高(299.83mAh/小时)、后台单位时间能耗过高(1199.18mAh/小时)、总单位时间能耗过高(408.05mAh/小时)、设备电量较低(15%),"## 异常进程分析报告

### 1. 进程基本信息分析
进程名称：com.youku.phone
设备型号：vivo iQOO 9
系统版本：V11.2.1.0
运行时段：2025-05-29 14:17:52 至 2025-05-29 17:40:47

### 2. 运行时间异常分析
前台运行时长：178.5分钟
后台运行时长：24.4分钟
⚠️ 前台运行时间异常：超过正常阈值，可能影响用户体验和电池续航。

### 3. 能耗异常分析
前台能耗：892mAh
后台能耗：488mAh
前台单位时间能耗：299.83mAh/小时
后台单位时间能耗：1199.18mAh/小时
总单位时间能耗：408.05mAh/小时
⚠️ 能耗异常：总能耗超过正常范围，建议检查应用行为。
⚠️ 单位时间能耗异常：能耗效率低下，可能存在性能问题。

### 4. 设备状态分析
设备电量：15%
屏幕状态：关闭
⚠️ 电量状态：设备电量较低，高能耗应用可能加速电量消耗。

### 5. 异常原因总结
异常分数：-0.0395 (分数越低越异常)
检测到的异常特征：前台运行时间过长(2.98小时)、前台能耗过高(892mAh)、后台能耗过高(488mAh)、前台单位时间能耗过高(299.83mAh/小时)、后台单位时间能耗过高(1199.18mAh/小时)、总单位时间能耗过高(408.05mAh/小时)、设备电量较低(15%)

### 6. 优化建议
- 建议优化前台运行逻辑，减少不必要的前台时间
- 建议优化算法和资源使用，提高能耗效率
- 建议在低电量时限制高能耗操作
"
com.tencent.qqlive,vivo Y76s,2025-05-21,22948,92,762,575,119.54,22500.0,208.91,21,-0.1040070714976912,前台运行时间过长(6.37小时)、前台能耗过高(762mAh)、后台能耗过高(575mAh)、后台单位时间能耗过高(22500.00mAh/小时)、总单位时间能耗过高(208.91mAh/小时)、设备电量较低(21%),"## 异常进程分析报告

### 1. 进程基本信息分析
进程名称：com.tencent.qqlive
设备型号：vivo Y76s
系统版本：V12.5.3.0
运行时段：2025-05-21 23:45:52 至 2025-05-22 06:09:52

### 2. 运行时间异常分析
前台运行时长：382.5分钟
后台运行时长：1.5分钟
⚠️ 前台运行时间异常：超过正常阈值，可能影响用户体验和电池续航。

### 3. 能耗异常分析
前台能耗：762mAh
后台能耗：575mAh
前台单位时间能耗：119.54mAh/小时
后台单位时间能耗：22500.00mAh/小时
总单位时间能耗：208.91mAh/小时
⚠️ 能耗异常：总能耗超过正常范围，建议检查应用行为。
⚠️ 单位时间能耗异常：能耗效率低下，可能存在性能问题。

### 4. 设备状态分析
设备电量：21%
屏幕状态：关闭
⚠️ 电量状态：设备电量较低，高能耗应用可能加速电量消耗。

### 5. 异常原因总结
异常分数：-0.1040 (分数越低越异常)
检测到的异常特征：前台运行时间过长(6.37小时)、前台能耗过高(762mAh)、后台能耗过高(575mAh)、后台单位时间能耗过高(22500.00mAh/小时)、总单位时间能耗过高(208.91mAh/小时)、设备电量较低(21%)

### 6. 优化建议
- 建议优化前台运行逻辑，减少不必要的前台时间
- 建议优化算法和资源使用，提高能耗效率
- 建议在低电量时限制高能耗操作
"
com.alibaba.android.rimet,vivo NEX 3S,2025-05-21,11602,507,980,519,304.09,3685.21,445.65,28,-0.0228162094874545,前台运行时间过长(3.22小时)、前台能耗过高(980mAh)、后台能耗过高(519mAh)、前台单位时间能耗过高(304.09mAh/小时)、后台单位时间能耗过高(3685.21mAh/小时)、总单位时间能耗过高(445.65mAh/小时)、设备电量较低(28%),"## 异常进程分析报告

### 1. 进程基本信息分析
进程名称：com.alibaba.android.rimet
设备型号：vivo NEX 3S
系统版本：V12.5.3.0
运行时段：2025-05-21 19:43:52 至 2025-05-21 23:05:41

### 2. 运行时间异常分析
前台运行时长：193.4分钟
后台运行时长：8.4分钟
⚠️ 前台运行时间异常：超过正常阈值，可能影响用户体验和电池续航。

### 3. 能耗异常分析
前台能耗：980mAh
后台能耗：519mAh
前台单位时间能耗：304.09mAh/小时
后台单位时间能耗：3685.21mAh/小时
总单位时间能耗：445.65mAh/小时
⚠️ 能耗异常：总能耗超过正常范围，建议检查应用行为。
⚠️ 单位时间能耗异常：能耗效率低下，可能存在性能问题。

### 4. 设备状态分析
设备电量：28%
屏幕状态：关闭
⚠️ 电量状态：设备电量较低，高能耗应用可能加速电量消耗。

### 5. 异常原因总结
异常分数：-0.0228 (分数越低越异常)
检测到的异常特征：前台运行时间过长(3.22小时)、前台能耗过高(980mAh)、后台能耗过高(519mAh)、前台单位时间能耗过高(304.09mAh/小时)、后台单位时间能耗过高(3685.21mAh/小时)、总单位时间能耗过高(445.65mAh/小时)、设备电量较低(28%)

### 6. 优化建议
- 建议优化前台运行逻辑，减少不必要的前台时间
- 建议优化算法和资源使用，提高能耗效率
- 建议在低电量时限制高能耗操作
"
com.sankuai.meituan,vivo X90,2025-05-25,7790,1022,1075,569,496.79,2004.31,671.63,39,-0.0548343616883225,前台运行时间过长(2.16小时)、前台能耗过高(1075mAh)、后台能耗过高(569mAh)、前台单位时间能耗过高(496.79mAh/小时)、后台单位时间能耗过高(2004.31mAh/小时)、总单位时间能耗过高(671.63mAh/小时)、设备电量较低(39%),"## 异常进程分析报告

### 1. 进程基本信息分析
进程名称：com.sankuai.meituan
设备型号：vivo X90
系统版本：V12.5.3.0
运行时段：2025-05-25 05:45:52 至 2025-05-25 08:12:44

### 2. 运行时间异常分析
前台运行时长：129.8分钟
后台运行时长：17.0分钟
⚠️ 前台运行时间异常：超过正常阈值，可能影响用户体验和电池续航。

### 3. 能耗异常分析
前台能耗：1075mAh
后台能耗：569mAh
前台单位时间能耗：496.79mAh/小时
后台单位时间能耗：2004.31mAh/小时
总单位时间能耗：671.63mAh/小时
⚠️ 能耗异常：总能耗超过正常范围，建议检查应用行为。
⚠️ 单位时间能耗异常：能耗效率低下，可能存在性能问题。

### 4. 设备状态分析
设备电量：39%
屏幕状态：开启
⚠️ 电量状态：设备电量较低，高能耗应用可能加速电量消耗。

### 5. 异常原因总结
异常分数：-0.0548 (分数越低越异常)
检测到的异常特征：前台运行时间过长(2.16小时)、前台能耗过高(1075mAh)、后台能耗过高(569mAh)、前台单位时间能耗过高(496.79mAh/小时)、后台单位时间能耗过高(2004.31mAh/小时)、总单位时间能耗过高(671.63mAh/小时)、设备电量较低(39%)

### 6. 优化建议
- 建议优化前台运行逻辑，减少不必要的前台时间
- 建议优化算法和资源使用，提高能耗效率
- 建议在低电量时限制高能耗操作
"
com.eg.android.AlipayGphone,vivo Y76s,2025-05-29,12909,369,844,720,235.37,7024.39,424.04,36,-0.0852980318786329,前台运行时间过长(3.59小时)、前台能耗过高(844mAh)、后台能耗过高(720mAh)、前台单位时间能耗过高(235.37mAh/小时)、后台单位时间能耗过高(7024.39mAh/小时)、总单位时间能耗过高(424.04mAh/小时)、设备电量较低(36%),"## 异常进程分析报告

### 1. 进程基本信息分析
进程名称：com.eg.android.AlipayGphone
设备型号：vivo Y76s
系统版本：V12.1.0.0
运行时段：2025-05-29 05:43:52 至 2025-05-29 09:25:10

### 2. 运行时间异常分析
前台运行时长：215.2分钟
后台运行时长：6.2分钟
⚠️ 前台运行时间异常：超过正常阈值，可能影响用户体验和电池续航。

### 3. 能耗异常分析
前台能耗：844mAh
后台能耗：720mAh
前台单位时间能耗：235.37mAh/小时
后台单位时间能耗：7024.39mAh/小时
总单位时间能耗：424.04mAh/小时
⚠️ 能耗异常：总能耗超过正常范围，建议检查应用行为。
⚠️ 单位时间能耗异常：能耗效率低下，可能存在性能问题。

### 4. 设备状态分析
设备电量：36%
屏幕状态：关闭
⚠️ 电量状态：设备电量较低，高能耗应用可能加速电量消耗。

### 5. 异常原因总结
异常分数：-0.0853 (分数越低越异常)
检测到的异常特征：前台运行时间过长(3.59小时)、前台能耗过高(844mAh)、后台能耗过高(720mAh)、前台单位时间能耗过高(235.37mAh/小时)、后台单位时间能耗过高(7024.39mAh/小时)、总单位时间能耗过高(424.04mAh/小时)、设备电量较低(36%)

### 6. 优化建议
- 建议优化前台运行逻辑，减少不必要的前台时间
- 建议优化算法和资源使用，提高能耗效率
- 建议在低电量时限制高能耗操作
"
com.alibaba.android.rimet,vivo NEX 3S,2025-05-29,24690,579,1161,256,169.28,1591.71,201.88,33,-0.0272896278497276,前台运行时间过长(6.86小时)、前台能耗过高(1161mAh)、后台能耗过高(256mAh)、前台单位时间能耗过高(169.28mAh/小时)、后台单位时间能耗过高(1591.71mAh/小时)、总单位时间能耗过高(201.88mAh/小时)、设备电量较低(33%),"## 异常进程分析报告

### 1. 进程基本信息分析
进程名称：com.alibaba.android.rimet
设备型号：vivo NEX 3S
系统版本：V11.2.1.0
运行时段：2025-05-29 02:10:52 至 2025-05-29 09:12:01

### 2. 运行时间异常分析
前台运行时长：411.5分钟
后台运行时长：9.7分钟
⚠️ 前台运行时间异常：超过正常阈值，可能影响用户体验和电池续航。

### 3. 能耗异常分析
前台能耗：1161mAh
后台能耗：256mAh
前台单位时间能耗：169.28mAh/小时
后台单位时间能耗：1591.71mAh/小时
总单位时间能耗：201.88mAh/小时
⚠️ 能耗异常：总能耗超过正常范围，建议检查应用行为。
⚠️ 单位时间能耗异常：能耗效率低下，可能存在性能问题。

### 4. 设备状态分析
设备电量：33%
屏幕状态：开启
⚠️ 电量状态：设备电量较低，高能耗应用可能加速电量消耗。

### 5. 异常原因总结
异常分数：-0.0273 (分数越低越异常)
检测到的异常特征：前台运行时间过长(6.86小时)、前台能耗过高(1161mAh)、后台能耗过高(256mAh)、前台单位时间能耗过高(169.28mAh/小时)、后台单位时间能耗过高(1591.71mAh/小时)、总单位时间能耗过高(201.88mAh/小时)、设备电量较低(33%)

### 6. 优化建议
- 建议优化前台运行逻辑，减少不必要的前台时间
- 建议优化算法和资源使用，提高能耗效率
- 建议在低电量时限制高能耗操作
"
com.android.systemui,vivo X90,2025-05-05,10423,333,1295,612,447.28,6616.22,638.27,19,-0.0829774313396813,前台运行时间过长(2.90小时)、前台能耗过高(1295mAh)、后台能耗过高(612mAh)、前台单位时间能耗过高(447.28mAh/小时)、后台单位时间能耗过高(6616.22mAh/小时)、总单位时间能耗过高(638.27mAh/小时)、设备电量较低(19%),"## 异常进程分析报告

### 1. 进程基本信息分析
进程名称：com.android.systemui
设备型号：vivo X90
系统版本：V12.1.0.0
运行时段：2025-05-05 21:00:52 至 2025-05-06 00:00:08

### 2. 运行时间异常分析
前台运行时长：173.7分钟
后台运行时长：5.5分钟
⚠️ 前台运行时间异常：超过正常阈值，可能影响用户体验和电池续航。

### 3. 能耗异常分析
前台能耗：1295mAh
后台能耗：612mAh
前台单位时间能耗：447.28mAh/小时
后台单位时间能耗：6616.22mAh/小时
总单位时间能耗：638.27mAh/小时
⚠️ 能耗异常：总能耗超过正常范围，建议检查应用行为。
⚠️ 单位时间能耗异常：能耗效率低下，可能存在性能问题。

### 4. 设备状态分析
设备电量：19%
屏幕状态：关闭
⚠️ 电量状态：设备电量较低，高能耗应用可能加速电量消耗。

### 5. 异常原因总结
异常分数：-0.0830 (分数越低越异常)
检测到的异常特征：前台运行时间过长(2.90小时)、前台能耗过高(1295mAh)、后台能耗过高(612mAh)、前台单位时间能耗过高(447.28mAh/小时)、后台单位时间能耗过高(6616.22mAh/小时)、总单位时间能耗过高(638.27mAh/小时)、设备电量较低(19%)

### 6. 优化建议
- 建议优化前台运行逻辑，减少不必要的前台时间
- 建议优化算法和资源使用，提高能耗效率
- 建议在低电量时限制高能耗操作
"
com.tencent.mobileqq,vivo NEX 3S,2025-05-07,18785,303,1470,632,281.71,7508.91,396.44,10,-0.0881162513032954,前台运行时间过长(5.22小时)、前台能耗过高(1470mAh)、后台能耗过高(632mAh)、前台单位时间能耗过高(281.71mAh/小时)、后台单位时间能耗过高(7508.91mAh/小时)、总单位时间能耗过高(396.44mAh/小时)、设备电量较低(10%),"## 异常进程分析报告

### 1. 进程基本信息分析
进程名称：com.tencent.mobileqq
设备型号：vivo NEX 3S
系统版本：V13.0.1.0
运行时段：2025-05-07 15:53:52 至 2025-05-07 21:12:00

### 2. 运行时间异常分析
前台运行时长：313.1分钟
后台运行时长：5.0分钟
⚠️ 前台运行时间异常：超过正常阈值，可能影响用户体验和电池续航。

### 3. 能耗异常分析
前台能耗：1470mAh
后台能耗：632mAh
前台单位时间能耗：281.71mAh/小时
后台单位时间能耗：7508.91mAh/小时
总单位时间能耗：396.44mAh/小时
⚠️ 能耗异常：总能耗超过正常范围，建议检查应用行为。
⚠️ 单位时间能耗异常：能耗效率低下，可能存在性能问题。

### 4. 设备状态分析
设备电量：10%
屏幕状态：关闭
⚠️ 电量状态：设备电量较低，高能耗应用可能加速电量消耗。

### 5. 异常原因总结
异常分数：-0.0881 (分数越低越异常)
检测到的异常特征：前台运行时间过长(5.22小时)、前台能耗过高(1470mAh)、后台能耗过高(632mAh)、前台单位时间能耗过高(281.71mAh/小时)、后台单位时间能耗过高(7508.91mAh/小时)、总单位时间能耗过高(396.44mAh/小时)、设备电量较低(10%)

### 6. 优化建议
- 建议优化前台运行逻辑，减少不必要的前台时间
- 建议优化算法和资源使用，提高能耗效率
- 建议在低电量时限制高能耗操作
"
com.netease.cloudmusic,vivo X80,2025-05-17,24803,744,1185,341,172.0,1650.0,215.04,13,-0.0154710481296487,前台运行时间过长(6.89小时)、前台能耗过高(1185mAh)、后台能耗过高(341mAh)、前台单位时间能耗过高(172.00mAh/小时)、后台单位时间能耗过高(1650.00mAh/小时)、总单位时间能耗过高(215.04mAh/小时)、设备电量较低(13%),"## 异常进程分析报告

### 1. 进程基本信息分析
进程名称：com.netease.cloudmusic
设备型号：vivo X80
系统版本：V12.5.3.0
运行时段：2025-05-17 09:10:52 至 2025-05-17 16:16:39

### 2. 运行时间异常分析
前台运行时长：413.4分钟
后台运行时长：12.4分钟
⚠️ 前台运行时间异常：超过正常阈值，可能影响用户体验和电池续航。

### 3. 能耗异常分析
前台能耗：1185mAh
后台能耗：341mAh
前台单位时间能耗：172.00mAh/小时
后台单位时间能耗：1650.00mAh/小时
总单位时间能耗：215.04mAh/小时
⚠️ 能耗异常：总能耗超过正常范围，建议检查应用行为。
⚠️ 单位时间能耗异常：能耗效率低下，可能存在性能问题。

### 4. 设备状态分析
设备电量：13%
屏幕状态：开启
⚠️ 电量状态：设备电量较低，高能耗应用可能加速电量消耗。

### 5. 异常原因总结
异常分数：-0.0155 (分数越低越异常)
检测到的异常特征：前台运行时间过长(6.89小时)、前台能耗过高(1185mAh)、后台能耗过高(341mAh)、前台单位时间能耗过高(172.00mAh/小时)、后台单位时间能耗过高(1650.00mAh/小时)、总单位时间能耗过高(215.04mAh/小时)、设备电量较低(13%)

### 6. 优化建议
- 建议优化前台运行逻辑，减少不必要的前台时间
- 建议优化算法和资源使用，提高能耗效率
- 建议在低电量时限制高能耗操作
"
com.android.phone,vivo X90,2025-05-31,24619,309,1676,259,245.08,3017.48,279.44,30,-0.0615775848896659,前台运行时间过长(6.84小时)、前台能耗过高(1676mAh)、后台能耗过高(259mAh)、前台单位时间能耗过高(245.08mAh/小时)、后台单位时间能耗过高(3017.48mAh/小时)、总单位时间能耗过高(279.44mAh/小时)、设备电量较低(30%),"## 异常进程分析报告

### 1. 进程基本信息分析
进程名称：com.android.phone
设备型号：vivo X90
系统版本：V12.5.3.0
运行时段：2025-05-31 20:17:52 至 2025-06-01 03:13:20

### 2. 运行时间异常分析
前台运行时长：410.3分钟
后台运行时长：5.2分钟
⚠️ 前台运行时间异常：超过正常阈值，可能影响用户体验和电池续航。

### 3. 能耗异常分析
前台能耗：1676mAh
后台能耗：259mAh
前台单位时间能耗：245.08mAh/小时
后台单位时间能耗：3017.48mAh/小时
总单位时间能耗：279.44mAh/小时
⚠️ 能耗异常：总能耗超过正常范围，建议检查应用行为。
⚠️ 单位时间能耗异常：能耗效率低下，可能存在性能问题。

### 4. 设备状态分析
设备电量：30%
屏幕状态：开启
⚠️ 电量状态：设备电量较低，高能耗应用可能加速电量消耗。

### 5. 异常原因总结
异常分数：-0.0616 (分数越低越异常)
检测到的异常特征：前台运行时间过长(6.84小时)、前台能耗过高(1676mAh)、后台能耗过高(259mAh)、前台单位时间能耗过高(245.08mAh/小时)、后台单位时间能耗过高(3017.48mAh/小时)、总单位时间能耗过高(279.44mAh/小时)、设备电量较低(30%)

### 6. 优化建议
- 建议优化前台运行逻辑，减少不必要的前台时间
- 建议优化算法和资源使用，提高能耗效率
- 建议在低电量时限制高能耗操作
"
com.alibaba.android.rimet,vivo S15,2025-05-06,17522,266,1475,419,303.05,5670.68,383.31,24,-0.0399171318371117,前台运行时间过长(4.87小时)、前台能耗过高(1475mAh)、后台能耗过高(419mAh)、前台单位时间能耗过高(303.05mAh/小时)、后台单位时间能耗过高(5670.68mAh/小时)、总单位时间能耗过高(383.31mAh/小时)、设备电量较低(24%),"## 异常进程分析报告

### 1. 进程基本信息分析
进程名称：com.alibaba.android.rimet
设备型号：vivo S15
系统版本：V12.1.0.0
运行时段：2025-05-06 20:00:52 至 2025-05-07 00:57:20

### 2. 运行时间异常分析
前台运行时长：292.0分钟
后台运行时长：4.4分钟
⚠️ 前台运行时间异常：超过正常阈值，可能影响用户体验和电池续航。

### 3. 能耗异常分析
前台能耗：1475mAh
后台能耗：419mAh
前台单位时间能耗：303.05mAh/小时
后台单位时间能耗：5670.68mAh/小时
总单位时间能耗：383.31mAh/小时
⚠️ 能耗异常：总能耗超过正常范围，建议检查应用行为。
⚠️ 单位时间能耗异常：能耗效率低下，可能存在性能问题。

### 4. 设备状态分析
设备电量：24%
屏幕状态：开启
⚠️ 电量状态：设备电量较低，高能耗应用可能加速电量消耗。

### 5. 异常原因总结
异常分数：-0.0399 (分数越低越异常)
检测到的异常特征：前台运行时间过长(4.87小时)、前台能耗过高(1475mAh)、后台能耗过高(419mAh)、前台单位时间能耗过高(303.05mAh/小时)、后台单位时间能耗过高(5670.68mAh/小时)、总单位时间能耗过高(383.31mAh/小时)、设备电量较低(24%)

### 6. 优化建议
- 建议优化前台运行逻辑，减少不必要的前台时间
- 建议优化算法和资源使用，提高能耗效率
- 建议在低电量时限制高能耗操作
"
com.ss.android.ugc.aweme,vivo iQOO 9,2025-05-21,8623,241,1260,512,526.04,7648.13,719.68,21,-0.0993405206409269,前台运行时间过长(2.40小时)、前台能耗过高(1260mAh)、后台能耗过高(512mAh)、前台单位时间能耗过高(526.04mAh/小时)、后台单位时间能耗过高(7648.13mAh/小时)、总单位时间能耗过高(719.68mAh/小时)、设备电量较低(21%),"## 异常进程分析报告

### 1. 进程基本信息分析
进程名称：com.ss.android.ugc.aweme
设备型号：vivo iQOO 9
系统版本：V12.5.3.0
运行时段：2025-05-21 14:47:52 至 2025-05-21 17:15:36

### 2. 运行时间异常分析
前台运行时长：143.7分钟
后台运行时长：4.0分钟
⚠️ 前台运行时间异常：超过正常阈值，可能影响用户体验和电池续航。

### 3. 能耗异常分析
前台能耗：1260mAh
后台能耗：512mAh
前台单位时间能耗：526.04mAh/小时
后台单位时间能耗：7648.13mAh/小时
总单位时间能耗：719.68mAh/小时
⚠️ 能耗异常：总能耗超过正常范围，建议检查应用行为。
⚠️ 单位时间能耗异常：能耗效率低下，可能存在性能问题。

### 4. 设备状态分析
设备电量：21%
屏幕状态：开启
⚠️ 电量状态：设备电量较低，高能耗应用可能加速电量消耗。

### 5. 异常原因总结
异常分数：-0.0993 (分数越低越异常)
检测到的异常特征：前台运行时间过长(2.40小时)、前台能耗过高(1260mAh)、后台能耗过高(512mAh)、前台单位时间能耗过高(526.04mAh/小时)、后台单位时间能耗过高(7648.13mAh/小时)、总单位时间能耗过高(719.68mAh/小时)、设备电量较低(21%)

### 6. 优化建议
- 建议优化前台运行逻辑，减少不必要的前台时间
- 建议优化算法和资源使用，提高能耗效率
- 建议在低电量时限制高能耗操作
"
com.android.phone,vivo iQOO 9,2025-05-13,19400,559,1724,456,319.92,2936.67,393.21,36,-0.0300551121985275,前台运行时间过长(5.39小时)、前台能耗过高(1724mAh)、后台能耗过高(456mAh)、前台单位时间能耗过高(319.92mAh/小时)、后台单位时间能耗过高(2936.67mAh/小时)、总单位时间能耗过高(393.21mAh/小时)、设备电量较低(36%),"## 异常进程分析报告

### 1. 进程基本信息分析
进程名称：com.android.phone
设备型号：vivo iQOO 9
系统版本：V12.1.0.0
运行时段：2025-05-13 04:05:52 至 2025-05-13 09:38:31

### 2. 运行时间异常分析
前台运行时长：323.3分钟
后台运行时长：9.3分钟
⚠️ 前台运行时间异常：超过正常阈值，可能影响用户体验和电池续航。

### 3. 能耗异常分析
前台能耗：1724mAh
后台能耗：456mAh
前台单位时间能耗：319.92mAh/小时
后台单位时间能耗：2936.67mAh/小时
总单位时间能耗：393.21mAh/小时
⚠️ 能耗异常：总能耗超过正常范围，建议检查应用行为。
⚠️ 单位时间能耗异常：能耗效率低下，可能存在性能问题。

### 4. 设备状态分析
设备电量：36%
屏幕状态：开启
⚠️ 电量状态：设备电量较低，高能耗应用可能加速电量消耗。

### 5. 异常原因总结
异常分数：-0.0301 (分数越低越异常)
检测到的异常特征：前台运行时间过长(5.39小时)、前台能耗过高(1724mAh)、后台能耗过高(456mAh)、前台单位时间能耗过高(319.92mAh/小时)、后台单位时间能耗过高(2936.67mAh/小时)、总单位时间能耗过高(393.21mAh/小时)、设备电量较低(36%)

### 6. 优化建议
- 建议优化前台运行逻辑，减少不必要的前台时间
- 建议优化算法和资源使用，提高能耗效率
- 建议在低电量时限制高能耗操作
"
com.jingdong.app.mall,vivo X90,2025-05-23,28240,841,977,210,124.55,898.93,146.94,24,-0.0495556746127142,前台运行时间过长(7.84小时)、前台能耗过高(977mAh)、后台能耗过高(210mAh)、后台单位时间能耗过高(898.93mAh/小时)、设备电量较低(24%),"## 异常进程分析报告

### 1. 进程基本信息分析
进程名称：com.jingdong.app.mall
设备型号：vivo X90
系统版本：V13.1.2.0
运行时段：2025-05-23 20:40:52 至 2025-05-24 04:45:33

### 2. 运行时间异常分析
前台运行时长：470.7分钟
后台运行时长：14.0分钟
⚠️ 前台运行时间异常：超过正常阈值，可能影响用户体验和电池续航。

### 3. 能耗异常分析
前台能耗：977mAh
后台能耗：210mAh
前台单位时间能耗：124.55mAh/小时
后台单位时间能耗：898.93mAh/小时
总单位时间能耗：146.94mAh/小时
⚠️ 能耗异常：总能耗超过正常范围，建议检查应用行为。

### 4. 设备状态分析
设备电量：24%
屏幕状态：开启
⚠️ 电量状态：设备电量较低，高能耗应用可能加速电量消耗。

### 5. 异常原因总结
异常分数：-0.0496 (分数越低越异常)
检测到的异常特征：前台运行时间过长(7.84小时)、前台能耗过高(977mAh)、后台能耗过高(210mAh)、后台单位时间能耗过高(898.93mAh/小时)、设备电量较低(24%)

### 6. 优化建议
- 建议优化前台运行逻辑，减少不必要的前台时间
- 建议在低电量时限制高能耗操作
"
com.tencent.mobileqq,vivo Y76s,2025-05-02,20548,672,1703,397,298.36,2126.79,356.27,13,-0.0339680797611808,前台运行时间过长(5.71小时)、前台能耗过高(1703mAh)、后台能耗过高(397mAh)、前台单位时间能耗过高(298.36mAh/小时)、后台单位时间能耗过高(2126.79mAh/小时)、总单位时间能耗过高(356.27mAh/小时)、设备电量较低(13%),"## 异常进程分析报告

### 1. 进程基本信息分析
进程名称：com.tencent.mobileqq
设备型号：vivo Y76s
系统版本：V11.2.1.0
运行时段：2025-05-02 11:15:52 至 2025-05-02 17:09:32

### 2. 运行时间异常分析
前台运行时长：342.5分钟
后台运行时长：11.2分钟
⚠️ 前台运行时间异常：超过正常阈值，可能影响用户体验和电池续航。

### 3. 能耗异常分析
前台能耗：1703mAh
后台能耗：397mAh
前台单位时间能耗：298.36mAh/小时
后台单位时间能耗：2126.79mAh/小时
总单位时间能耗：356.27mAh/小时
⚠️ 能耗异常：总能耗超过正常范围，建议检查应用行为。
⚠️ 单位时间能耗异常：能耗效率低下，可能存在性能问题。

### 4. 设备状态分析
设备电量：13%
屏幕状态：关闭
⚠️ 电量状态：设备电量较低，高能耗应用可能加速电量消耗。

### 5. 异常原因总结
异常分数：-0.0340 (分数越低越异常)
检测到的异常特征：前台运行时间过长(5.71小时)、前台能耗过高(1703mAh)、后台能耗过高(397mAh)、前台单位时间能耗过高(298.36mAh/小时)、后台单位时间能耗过高(2126.79mAh/小时)、总单位时间能耗过高(356.27mAh/小时)、设备电量较低(13%)

### 6. 优化建议
- 建议优化前台运行逻辑，减少不必要的前台时间
- 建议优化算法和资源使用，提高能耗效率
- 建议在低电量时限制高能耗操作
"
com.baidu.BaiduMap,vivo X80,2025-05-23,5482,754,1561,211,1025.1,1007.43,1022.96,15,-0.1043871148317924,前台运行时间过长(1.52小时)、前台能耗过高(1561mAh)、后台能耗过高(211mAh)、前台单位时间能耗过高(1025.10mAh/小时)、后台单位时间能耗过高(1007.43mAh/小时)、总单位时间能耗过高(1022.96mAh/小时)、设备电量较低(15%),"## 异常进程分析报告

### 1. 进程基本信息分析
进程名称：com.baidu.BaiduMap
设备型号：vivo X80
系统版本：V13.1.2.0
运行时段：2025-05-23 11:32:52 至 2025-05-23 13:16:48

### 2. 运行时间异常分析
前台运行时长：91.4分钟
后台运行时长：12.6分钟
⚠️ 前台运行时间异常：超过正常阈值，可能影响用户体验和电池续航。

### 3. 能耗异常分析
前台能耗：1561mAh
后台能耗：211mAh
前台单位时间能耗：1025.10mAh/小时
后台单位时间能耗：1007.43mAh/小时
总单位时间能耗：1022.96mAh/小时
⚠️ 能耗异常：总能耗超过正常范围，建议检查应用行为。
⚠️ 单位时间能耗异常：能耗效率低下，可能存在性能问题。

### 4. 设备状态分析
设备电量：15%
屏幕状态：开启
⚠️ 电量状态：设备电量较低，高能耗应用可能加速电量消耗。

### 5. 异常原因总结
异常分数：-0.1044 (分数越低越异常)
检测到的异常特征：前台运行时间过长(1.52小时)、前台能耗过高(1561mAh)、后台能耗过高(211mAh)、前台单位时间能耗过高(1025.10mAh/小时)、后台单位时间能耗过高(1007.43mAh/小时)、总单位时间能耗过高(1022.96mAh/小时)、设备电量较低(15%)

### 6. 优化建议
- 建议优化前台运行逻辑，减少不必要的前台时间
- 建议优化算法和资源使用，提高能耗效率
- 建议在低电量时限制高能耗操作
"
com.android.settings,vivo iQOO 9,2025-05-15,24777,934,1210,504,175.81,1942.61,239.99,22,-0.005451547531968,前台运行时间过长(6.88小时)、前台能耗过高(1210mAh)、后台能耗过高(504mAh)、前台单位时间能耗过高(175.81mAh/小时)、后台单位时间能耗过高(1942.61mAh/小时)、总单位时间能耗过高(239.99mAh/小时)、设备电量较低(22%),"## 异常进程分析报告

### 1. 进程基本信息分析
进程名称：com.android.settings
设备型号：vivo iQOO 9
系统版本：V13.0.1.0
运行时段：2025-05-15 07:18:52 至 2025-05-15 14:27:23

### 2. 运行时间异常分析
前台运行时长：412.9分钟
后台运行时长：15.6分钟
⚠️ 前台运行时间异常：超过正常阈值，可能影响用户体验和电池续航。

### 3. 能耗异常分析
前台能耗：1210mAh
后台能耗：504mAh
前台单位时间能耗：175.81mAh/小时
后台单位时间能耗：1942.61mAh/小时
总单位时间能耗：239.99mAh/小时
⚠️ 能耗异常：总能耗超过正常范围，建议检查应用行为。
⚠️ 单位时间能耗异常：能耗效率低下，可能存在性能问题。

### 4. 设备状态分析
设备电量：22%
屏幕状态：关闭
⚠️ 电量状态：设备电量较低，高能耗应用可能加速电量消耗。

### 5. 异常原因总结
异常分数：-0.0055 (分数越低越异常)
检测到的异常特征：前台运行时间过长(6.88小时)、前台能耗过高(1210mAh)、后台能耗过高(504mAh)、前台单位时间能耗过高(175.81mAh/小时)、后台单位时间能耗过高(1942.61mAh/小时)、总单位时间能耗过高(239.99mAh/小时)、设备电量较低(22%)

### 6. 优化建议
- 建议优化前台运行逻辑，减少不必要的前台时间
- 建议优化算法和资源使用，提高能耗效率
- 建议在低电量时限制高能耗操作
"
com.tencent.mobileqq,vivo X80,2025-05-31,4077,690,893,264,788.52,1377.39,873.76,17,-0.077271384396562,前台运行时间过长(1.13小时)、前台能耗过高(893mAh)、后台能耗过高(264mAh)、前台单位时间能耗过高(788.52mAh/小时)、后台单位时间能耗过高(1377.39mAh/小时)、总单位时间能耗过高(873.76mAh/小时)、设备电量较低(17%),"## 异常进程分析报告

### 1. 进程基本信息分析
进程名称：com.tencent.mobileqq
设备型号：vivo X80
系统版本：V13.0.1.0
运行时段：2025-05-31 08:39:52 至 2025-05-31 09:59:19

### 2. 运行时间异常分析
前台运行时长：68.0分钟
后台运行时长：11.5分钟
⚠️ 前台运行时间异常：超过正常阈值，可能影响用户体验和电池续航。

### 3. 能耗异常分析
前台能耗：893mAh
后台能耗：264mAh
前台单位时间能耗：788.52mAh/小时
后台单位时间能耗：1377.39mAh/小时
总单位时间能耗：873.76mAh/小时
⚠️ 能耗异常：总能耗超过正常范围，建议检查应用行为。
⚠️ 单位时间能耗异常：能耗效率低下，可能存在性能问题。

### 4. 设备状态分析
设备电量：17%
屏幕状态：关闭
⚠️ 电量状态：设备电量较低，高能耗应用可能加速电量消耗。

### 5. 异常原因总结
异常分数：-0.0773 (分数越低越异常)
检测到的异常特征：前台运行时间过长(1.13小时)、前台能耗过高(893mAh)、后台能耗过高(264mAh)、前台单位时间能耗过高(788.52mAh/小时)、后台单位时间能耗过高(1377.39mAh/小时)、总单位时间能耗过高(873.76mAh/小时)、设备电量较低(17%)

### 6. 优化建议
- 建议优化前台运行逻辑，减少不必要的前台时间
- 建议优化算法和资源使用，提高能耗效率
- 建议在低电量时限制高能耗操作
"
com.jingdong.app.mall,vivo X90,2025-05-29,20006,1495,1985,583,357.19,1403.88,429.97,25,-0.0500516143486012,前台运行时间过长(5.56小时)、前台能耗过高(1985mAh)、后台能耗过高(583mAh)、前台单位时间能耗过高(357.19mAh/小时)、后台单位时间能耗过高(1403.88mAh/小时)、总单位时间能耗过高(429.97mAh/小时)、设备电量较低(25%),"## 异常进程分析报告

### 1. 进程基本信息分析
进程名称：com.jingdong.app.mall
设备型号：vivo X90
系统版本：V12.5.3.0
运行时段：2025-05-29 03:05:52 至 2025-05-29 09:04:13

### 2. 运行时间异常分析
前台运行时长：333.4分钟
后台运行时长：24.9分钟
⚠️ 前台运行时间异常：超过正常阈值，可能影响用户体验和电池续航。

### 3. 能耗异常分析
前台能耗：1985mAh
后台能耗：583mAh
前台单位时间能耗：357.19mAh/小时
后台单位时间能耗：1403.88mAh/小时
总单位时间能耗：429.97mAh/小时
⚠️ 能耗异常：总能耗超过正常范围，建议检查应用行为。
⚠️ 单位时间能耗异常：能耗效率低下，可能存在性能问题。

### 4. 设备状态分析
设备电量：25%
屏幕状态：开启
⚠️ 电量状态：设备电量较低，高能耗应用可能加速电量消耗。

### 5. 异常原因总结
异常分数：-0.0501 (分数越低越异常)
检测到的异常特征：前台运行时间过长(5.56小时)、前台能耗过高(1985mAh)、后台能耗过高(583mAh)、前台单位时间能耗过高(357.19mAh/小时)、后台单位时间能耗过高(1403.88mAh/小时)、总单位时间能耗过高(429.97mAh/小时)、设备电量较低(25%)

### 6. 优化建议
- 建议优化前台运行逻辑，减少不必要的前台时间
- 建议优化算法和资源使用，提高能耗效率
- 建议在低电量时限制高能耗操作
"
com.baidu.BaiduMap,vivo Y76s,2025-05-05,6408,773,755,483,424.16,2249.42,620.64,12,-0.0638486370717218,前台运行时间过长(1.78小时)、前台能耗过高(755mAh)、后台能耗过高(483mAh)、前台单位时间能耗过高(424.16mAh/小时)、后台单位时间能耗过高(2249.42mAh/小时)、总单位时间能耗过高(620.64mAh/小时)、设备电量较低(12%),"## 异常进程分析报告

### 1. 进程基本信息分析
进程名称：com.baidu.BaiduMap
设备型号：vivo Y76s
系统版本：V12.1.0.0
运行时段：2025-05-05 12:55:52 至 2025-05-05 14:55:33

### 2. 运行时间异常分析
前台运行时长：106.8分钟
后台运行时长：12.9分钟
⚠️ 前台运行时间异常：超过正常阈值，可能影响用户体验和电池续航。

### 3. 能耗异常分析
前台能耗：755mAh
后台能耗：483mAh
前台单位时间能耗：424.16mAh/小时
后台单位时间能耗：2249.42mAh/小时
总单位时间能耗：620.64mAh/小时
⚠️ 能耗异常：总能耗超过正常范围，建议检查应用行为。
⚠️ 单位时间能耗异常：能耗效率低下，可能存在性能问题。

### 4. 设备状态分析
设备电量：12%
屏幕状态：关闭
⚠️ 电量状态：设备电量较低，高能耗应用可能加速电量消耗。

### 5. 异常原因总结
异常分数：-0.0638 (分数越低越异常)
检测到的异常特征：前台运行时间过长(1.78小时)、前台能耗过高(755mAh)、后台能耗过高(483mAh)、前台单位时间能耗过高(424.16mAh/小时)、后台单位时间能耗过高(2249.42mAh/小时)、总单位时间能耗过高(620.64mAh/小时)、设备电量较低(12%)

### 6. 优化建议
- 建议优化前台运行逻辑，减少不必要的前台时间
- 建议优化算法和资源使用，提高能耗效率
- 建议在低电量时限制高能耗操作
"
com.android.chrome,vivo iQOO 9,2025-05-23,5680,1461,1600,389,1014.08,958.52,1002.72,22,-0.0996885299687161,前台运行时间过长(1.58小时)、前台能耗过高(1600mAh)、后台能耗过高(389mAh)、前台单位时间能耗过高(1014.08mAh/小时)、后台单位时间能耗过高(958.52mAh/小时)、总单位时间能耗过高(1002.72mAh/小时)、设备电量较低(22%),"## 异常进程分析报告

### 1. 进程基本信息分析
进程名称：com.android.chrome
设备型号：vivo iQOO 9
系统版本：V13.0.1.0
运行时段：2025-05-23 14:57:52 至 2025-05-23 16:56:53

### 2. 运行时间异常分析
前台运行时长：94.7分钟
后台运行时长：24.4分钟
⚠️ 前台运行时间异常：超过正常阈值，可能影响用户体验和电池续航。

### 3. 能耗异常分析
前台能耗：1600mAh
后台能耗：389mAh
前台单位时间能耗：1014.08mAh/小时
后台单位时间能耗：958.52mAh/小时
总单位时间能耗：1002.72mAh/小时
⚠️ 能耗异常：总能耗超过正常范围，建议检查应用行为。
⚠️ 单位时间能耗异常：能耗效率低下，可能存在性能问题。

### 4. 设备状态分析
设备电量：22%
屏幕状态：开启
⚠️ 电量状态：设备电量较低，高能耗应用可能加速电量消耗。

### 5. 异常原因总结
异常分数：-0.0997 (分数越低越异常)
检测到的异常特征：前台运行时间过长(1.58小时)、前台能耗过高(1600mAh)、后台能耗过高(389mAh)、前台单位时间能耗过高(1014.08mAh/小时)、后台单位时间能耗过高(958.52mAh/小时)、总单位时间能耗过高(1002.72mAh/小时)、设备电量较低(22%)

### 6. 优化建议
- 建议优化前台运行逻辑，减少不必要的前台时间
- 建议优化算法和资源使用，提高能耗效率
- 建议在低电量时限制高能耗操作
"
com.tencent.mobileqq,vivo X90,2025-05-23,27272,381,1323,563,174.64,5319.69,245.53,10,-0.0716522368729918,前台运行时间过长(7.58小时)、前台能耗过高(1323mAh)、后台能耗过高(563mAh)、前台单位时间能耗过高(174.64mAh/小时)、后台单位时间能耗过高(5319.69mAh/小时)、总单位时间能耗过高(245.53mAh/小时)、设备电量较低(10%),"## 异常进程分析报告

### 1. 进程基本信息分析
进程名称：com.tencent.mobileqq
设备型号：vivo X90
系统版本：V12.5.3.0
运行时段：2025-05-23 21:59:52 至 2025-05-24 05:40:45

### 2. 运行时间异常分析
前台运行时长：454.5分钟
后台运行时长：6.3分钟
⚠️ 前台运行时间异常：超过正常阈值，可能影响用户体验和电池续航。

### 3. 能耗异常分析
前台能耗：1323mAh
后台能耗：563mAh
前台单位时间能耗：174.64mAh/小时
后台单位时间能耗：5319.69mAh/小时
总单位时间能耗：245.53mAh/小时
⚠️ 能耗异常：总能耗超过正常范围，建议检查应用行为。
⚠️ 单位时间能耗异常：能耗效率低下，可能存在性能问题。

### 4. 设备状态分析
设备电量：10%
屏幕状态：开启
⚠️ 电量状态：设备电量较低，高能耗应用可能加速电量消耗。

### 5. 异常原因总结
异常分数：-0.0717 (分数越低越异常)
检测到的异常特征：前台运行时间过长(7.58小时)、前台能耗过高(1323mAh)、后台能耗过高(563mAh)、前台单位时间能耗过高(174.64mAh/小时)、后台单位时间能耗过高(5319.69mAh/小时)、总单位时间能耗过高(245.53mAh/小时)、设备电量较低(10%)

### 6. 优化建议
- 建议优化前台运行逻辑，减少不必要的前台时间
- 建议优化算法和资源使用，提高能耗效率
- 建议在低电量时限制高能耗操作
"
com.UCMobile,vivo X90,2025-06-01,14811,879,1722,208,418.55,851.88,442.83,23,-0.047703007770005,前台运行时间过长(4.11小时)、前台能耗过高(1722mAh)、后台能耗过高(208mAh)、前台单位时间能耗过高(418.55mAh/小时)、后台单位时间能耗过高(851.88mAh/小时)、总单位时间能耗过高(442.83mAh/小时)、设备电量较低(23%),"## 异常进程分析报告

### 1. 进程基本信息分析
进程名称：com.UCMobile
设备型号：vivo X90
系统版本：V13.1.2.0
运行时段：2025-06-01 11:50:52 至 2025-06-01 16:12:22

### 2. 运行时间异常分析
前台运行时长：246.8分钟
后台运行时长：14.7分钟
⚠️ 前台运行时间异常：超过正常阈值，可能影响用户体验和电池续航。

### 3. 能耗异常分析
前台能耗：1722mAh
后台能耗：208mAh
前台单位时间能耗：418.55mAh/小时
后台单位时间能耗：851.88mAh/小时
总单位时间能耗：442.83mAh/小时
⚠️ 能耗异常：总能耗超过正常范围，建议检查应用行为。
⚠️ 单位时间能耗异常：能耗效率低下，可能存在性能问题。

### 4. 设备状态分析
设备电量：23%
屏幕状态：开启
⚠️ 电量状态：设备电量较低，高能耗应用可能加速电量消耗。

### 5. 异常原因总结
异常分数：-0.0477 (分数越低越异常)
检测到的异常特征：前台运行时间过长(4.11小时)、前台能耗过高(1722mAh)、后台能耗过高(208mAh)、前台单位时间能耗过高(418.55mAh/小时)、后台单位时间能耗过高(851.88mAh/小时)、总单位时间能耗过高(442.83mAh/小时)、设备电量较低(23%)

### 6. 优化建议
- 建议优化前台运行逻辑，减少不必要的前台时间
- 建议优化算法和资源使用，提高能耗效率
- 建议在低电量时限制高能耗操作
"
com.android.chrome,vivo iQOO 9,2025-05-18,26276,547,1785,756,244.56,4975.5,341.04,13,-0.0762007692919487,前台运行时间过长(7.30小时)、前台能耗过高(1785mAh)、后台能耗过高(756mAh)、前台单位时间能耗过高(244.56mAh/小时)、后台单位时间能耗过高(4975.50mAh/小时)、总单位时间能耗过高(341.04mAh/小时)、设备电量较低(13%),"## 异常进程分析报告

### 1. 进程基本信息分析
进程名称：com.android.chrome
设备型号：vivo iQOO 9
系统版本：V12.1.0.0
运行时段：2025-05-18 04:50:52 至 2025-05-18 12:17:55

### 2. 运行时间异常分析
前台运行时长：437.9分钟
后台运行时长：9.1分钟
⚠️ 前台运行时间异常：超过正常阈值，可能影响用户体验和电池续航。

### 3. 能耗异常分析
前台能耗：1785mAh
后台能耗：756mAh
前台单位时间能耗：244.56mAh/小时
后台单位时间能耗：4975.50mAh/小时
总单位时间能耗：341.04mAh/小时
⚠️ 能耗异常：总能耗超过正常范围，建议检查应用行为。
⚠️ 单位时间能耗异常：能耗效率低下，可能存在性能问题。

### 4. 设备状态分析
设备电量：13%
屏幕状态：关闭
⚠️ 电量状态：设备电量较低，高能耗应用可能加速电量消耗。

### 5. 异常原因总结
异常分数：-0.0762 (分数越低越异常)
检测到的异常特征：前台运行时间过长(7.30小时)、前台能耗过高(1785mAh)、后台能耗过高(756mAh)、前台单位时间能耗过高(244.56mAh/小时)、后台单位时间能耗过高(4975.50mAh/小时)、总单位时间能耗过高(341.04mAh/小时)、设备电量较低(13%)

### 6. 优化建议
- 建议优化前台运行逻辑，减少不必要的前台时间
- 建议优化算法和资源使用，提高能耗效率
- 建议在低电量时限制高能耗操作
"
com.alibaba.android.rimet,vivo S15,2025-05-07,22534,875,1988,485,317.6,1995.43,380.32,14,-0.0555974307337228,前台运行时间过长(6.26小时)、前台能耗过高(1988mAh)、后台能耗过高(485mAh)、前台单位时间能耗过高(317.60mAh/小时)、后台单位时间能耗过高(1995.43mAh/小时)、总单位时间能耗过高(380.32mAh/小时)、设备电量较低(14%),"## 异常进程分析报告

### 1. 进程基本信息分析
进程名称：com.alibaba.android.rimet
设备型号：vivo S15
系统版本：V13.0.1.0
运行时段：2025-05-07 17:13:52 至 2025-05-07 23:44:01

### 2. 运行时间异常分析
前台运行时长：375.6分钟
后台运行时长：14.6分钟
⚠️ 前台运行时间异常：超过正常阈值，可能影响用户体验和电池续航。

### 3. 能耗异常分析
前台能耗：1988mAh
后台能耗：485mAh
前台单位时间能耗：317.60mAh/小时
后台单位时间能耗：1995.43mAh/小时
总单位时间能耗：380.32mAh/小时
⚠️ 能耗异常：总能耗超过正常范围，建议检查应用行为。
⚠️ 单位时间能耗异常：能耗效率低下，可能存在性能问题。

### 4. 设备状态分析
设备电量：14%
屏幕状态：开启
⚠️ 电量状态：设备电量较低，高能耗应用可能加速电量消耗。

### 5. 异常原因总结
异常分数：-0.0556 (分数越低越异常)
检测到的异常特征：前台运行时间过长(6.26小时)、前台能耗过高(1988mAh)、后台能耗过高(485mAh)、前台单位时间能耗过高(317.60mAh/小时)、后台单位时间能耗过高(1995.43mAh/小时)、总单位时间能耗过高(380.32mAh/小时)、设备电量较低(14%)

### 6. 优化建议
- 建议优化前台运行逻辑，减少不必要的前台时间
- 建议优化算法和资源使用，提高能耗效率
- 建议在低电量时限制高能耗操作
"
com.eg.android.AlipayGphone,vivo X80,2025-05-21,26886,1580,1443,464,193.22,1057.22,241.17,25,-0.0488882157935354,前台运行时间过长(7.47小时)、前台能耗过高(1443mAh)、后台能耗过高(464mAh)、前台单位时间能耗过高(193.22mAh/小时)、后台单位时间能耗过高(1057.22mAh/小时)、总单位时间能耗过高(241.17mAh/小时)、设备电量较低(25%),"## 异常进程分析报告

### 1. 进程基本信息分析
进程名称：com.eg.android.AlipayGphone
设备型号：vivo X80
系统版本：V12.5.3.0
运行时段：2025-05-21 22:00:52 至 2025-05-22 05:55:18

### 2. 运行时间异常分析
前台运行时长：448.1分钟
后台运行时长：26.3分钟
⚠️ 前台运行时间异常：超过正常阈值，可能影响用户体验和电池续航。

### 3. 能耗异常分析
前台能耗：1443mAh
后台能耗：464mAh
前台单位时间能耗：193.22mAh/小时
后台单位时间能耗：1057.22mAh/小时
总单位时间能耗：241.17mAh/小时
⚠️ 能耗异常：总能耗超过正常范围，建议检查应用行为。
⚠️ 单位时间能耗异常：能耗效率低下，可能存在性能问题。

### 4. 设备状态分析
设备电量：25%
屏幕状态：开启
⚠️ 电量状态：设备电量较低，高能耗应用可能加速电量消耗。

### 5. 异常原因总结
异常分数：-0.0489 (分数越低越异常)
检测到的异常特征：前台运行时间过长(7.47小时)、前台能耗过高(1443mAh)、后台能耗过高(464mAh)、前台单位时间能耗过高(193.22mAh/小时)、后台单位时间能耗过高(1057.22mAh/小时)、总单位时间能耗过高(241.17mAh/小时)、设备电量较低(25%)

### 6. 优化建议
- 建议优化前台运行逻辑，减少不必要的前台时间
- 建议优化算法和资源使用，提高能耗效率
- 建议在低电量时限制高能耗操作
"
com.tencent.qqlive,vivo S15,2025-05-24,18363,1704,757,660,148.41,1394.37,254.21,30,-0.0496392777058286,前台运行时间过长(5.10小时)、前台能耗过高(757mAh)、后台能耗过高(660mAh)、后台单位时间能耗过高(1394.37mAh/小时)、总单位时间能耗过高(254.21mAh/小时)、设备电量较低(30%),"## 异常进程分析报告

### 1. 进程基本信息分析
进程名称：com.tencent.qqlive
设备型号：vivo S15
系统版本：V13.1.2.0
运行时段：2025-05-24 16:19:52 至 2025-05-24 21:54:19

### 2. 运行时间异常分析
前台运行时长：306.1分钟
后台运行时长：28.4分钟
⚠️ 前台运行时间异常：超过正常阈值，可能影响用户体验和电池续航。

### 3. 能耗异常分析
前台能耗：757mAh
后台能耗：660mAh
前台单位时间能耗：148.41mAh/小时
后台单位时间能耗：1394.37mAh/小时
总单位时间能耗：254.21mAh/小时
⚠️ 能耗异常：总能耗超过正常范围，建议检查应用行为。
⚠️ 单位时间能耗异常：能耗效率低下，可能存在性能问题。

### 4. 设备状态分析
设备电量：30%
屏幕状态：关闭
⚠️ 电量状态：设备电量较低，高能耗应用可能加速电量消耗。

### 5. 异常原因总结
异常分数：-0.0496 (分数越低越异常)
检测到的异常特征：前台运行时间过长(5.10小时)、前台能耗过高(757mAh)、后台能耗过高(660mAh)、后台单位时间能耗过高(1394.37mAh/小时)、总单位时间能耗过高(254.21mAh/小时)、设备电量较低(30%)

### 6. 优化建议
- 建议优化前台运行逻辑，减少不必要的前台时间
- 建议优化算法和资源使用，提高能耗效率
- 建议在低电量时限制高能耗操作
"
com.taobao.taobao,vivo iQOO 9,2025-05-12,22535,878,763,599,121.89,2456.04,209.42,33,-0.0486633598629147,前台运行时间过长(6.26小时)、前台能耗过高(763mAh)、后台能耗过高(599mAh)、后台单位时间能耗过高(2456.04mAh/小时)、总单位时间能耗过高(209.42mAh/小时)、设备电量较低(33%),"## 异常进程分析报告

### 1. 进程基本信息分析
进程名称：com.taobao.taobao
设备型号：vivo iQOO 9
系统版本：V12.1.0.0
运行时段：2025-05-12 20:12:52 至 2025-05-13 02:43:05

### 2. 运行时间异常分析
前台运行时长：375.6分钟
后台运行时长：14.6分钟
⚠️ 前台运行时间异常：超过正常阈值，可能影响用户体验和电池续航。

### 3. 能耗异常分析
前台能耗：763mAh
后台能耗：599mAh
前台单位时间能耗：121.89mAh/小时
后台单位时间能耗：2456.04mAh/小时
总单位时间能耗：209.42mAh/小时
⚠️ 能耗异常：总能耗超过正常范围，建议检查应用行为。
⚠️ 单位时间能耗异常：能耗效率低下，可能存在性能问题。

### 4. 设备状态分析
设备电量：33%
屏幕状态：开启
⚠️ 电量状态：设备电量较低，高能耗应用可能加速电量消耗。

### 5. 异常原因总结
异常分数：-0.0487 (分数越低越异常)
检测到的异常特征：前台运行时间过长(6.26小时)、前台能耗过高(763mAh)、后台能耗过高(599mAh)、后台单位时间能耗过高(2456.04mAh/小时)、总单位时间能耗过高(209.42mAh/小时)、设备电量较低(33%)

### 6. 优化建议
- 建议优化前台运行逻辑，减少不必要的前台时间
- 建议优化算法和资源使用，提高能耗效率
- 建议在低电量时限制高能耗操作
"
com.android.chrome,vivo X80,2025-05-12,26785,1113,661,785,88.84,2539.08,186.59,22,-0.0835335550051281,前台运行时间过长(7.44小时)、前台能耗过高(661mAh)、后台能耗过高(785mAh)、后台单位时间能耗过高(2539.08mAh/小时)、设备电量较低(22%),"## 异常进程分析报告

### 1. 进程基本信息分析
进程名称：com.android.chrome
设备型号：vivo X80
系统版本：V13.1.2.0
运行时段：2025-05-12 14:56:52 至 2025-05-12 22:41:50

### 2. 运行时间异常分析
前台运行时长：446.4分钟
后台运行时长：18.6分钟
⚠️ 前台运行时间异常：超过正常阈值，可能影响用户体验和电池续航。

### 3. 能耗异常分析
前台能耗：661mAh
后台能耗：785mAh
前台单位时间能耗：88.84mAh/小时
后台单位时间能耗：2539.08mAh/小时
总单位时间能耗：186.59mAh/小时
⚠️ 能耗异常：总能耗超过正常范围，建议检查应用行为。

### 4. 设备状态分析
设备电量：22%
屏幕状态：关闭
⚠️ 电量状态：设备电量较低，高能耗应用可能加速电量消耗。

### 5. 异常原因总结
异常分数：-0.0835 (分数越低越异常)
检测到的异常特征：前台运行时间过长(7.44小时)、前台能耗过高(661mAh)、后台能耗过高(785mAh)、后台单位时间能耗过高(2539.08mAh/小时)、设备电量较低(22%)

### 6. 优化建议
- 建议优化前台运行逻辑，减少不必要的前台时间
- 建议在低电量时限制高能耗操作
"
com.android.phone,vivo X90,2025-05-29,6010,996,1781,278,1066.82,1004.82,1058.01,16,-0.1032241023680637,前台运行时间过长(1.67小时)、前台能耗过高(1781mAh)、后台能耗过高(278mAh)、前台单位时间能耗过高(1066.82mAh/小时)、后台单位时间能耗过高(1004.82mAh/小时)、总单位时间能耗过高(1058.01mAh/小时)、设备电量较低(16%),"## 异常进程分析报告

### 1. 进程基本信息分析
进程名称：com.android.phone
设备型号：vivo X90
系统版本：V12.1.0.0
运行时段：2025-05-29 17:15:52 至 2025-05-29 19:12:38

### 2. 运行时间异常分析
前台运行时长：100.2分钟
后台运行时长：16.6分钟
⚠️ 前台运行时间异常：超过正常阈值，可能影响用户体验和电池续航。

### 3. 能耗异常分析
前台能耗：1781mAh
后台能耗：278mAh
前台单位时间能耗：1066.82mAh/小时
后台单位时间能耗：1004.82mAh/小时
总单位时间能耗：1058.01mAh/小时
⚠️ 能耗异常：总能耗超过正常范围，建议检查应用行为。
⚠️ 单位时间能耗异常：能耗效率低下，可能存在性能问题。

### 4. 设备状态分析
设备电量：16%
屏幕状态：开启
⚠️ 电量状态：设备电量较低，高能耗应用可能加速电量消耗。

### 5. 异常原因总结
异常分数：-0.1032 (分数越低越异常)
检测到的异常特征：前台运行时间过长(1.67小时)、前台能耗过高(1781mAh)、后台能耗过高(278mAh)、前台单位时间能耗过高(1066.82mAh/小时)、后台单位时间能耗过高(1004.82mAh/小时)、总单位时间能耗过高(1058.01mAh/小时)、设备电量较低(16%)

### 6. 优化建议
- 建议优化前台运行逻辑，减少不必要的前台时间
- 建议优化算法和资源使用，提高能耗效率
- 建议在低电量时限制高能耗操作
"
com.baidu.BaiduMap,vivo Y76s,2025-05-28,9454,1350,1661,232,632.49,618.67,630.77,13,-0.0741428223720019,前台运行时间过长(2.63小时)、前台能耗过高(1661mAh)、后台能耗过高(232mAh)、前台单位时间能耗过高(632.49mAh/小时)、后台单位时间能耗过高(618.67mAh/小时)、总单位时间能耗过高(630.77mAh/小时)、设备电量较低(13%),"## 异常进程分析报告

### 1. 进程基本信息分析
进程名称：com.baidu.BaiduMap
设备型号：vivo Y76s
系统版本：V12.5.3.0
运行时段：2025-05-28 03:46:52 至 2025-05-28 06:46:56

### 2. 运行时间异常分析
前台运行时长：157.6分钟
后台运行时长：22.5分钟
⚠️ 前台运行时间异常：超过正常阈值，可能影响用户体验和电池续航。

### 3. 能耗异常分析
前台能耗：1661mAh
后台能耗：232mAh
前台单位时间能耗：632.49mAh/小时
后台单位时间能耗：618.67mAh/小时
总单位时间能耗：630.77mAh/小时
⚠️ 能耗异常：总能耗超过正常范围，建议检查应用行为。
⚠️ 单位时间能耗异常：能耗效率低下，可能存在性能问题。

### 4. 设备状态分析
设备电量：13%
屏幕状态：开启
⚠️ 电量状态：设备电量较低，高能耗应用可能加速电量消耗。

### 5. 异常原因总结
异常分数：-0.0741 (分数越低越异常)
检测到的异常特征：前台运行时间过长(2.63小时)、前台能耗过高(1661mAh)、后台能耗过高(232mAh)、前台单位时间能耗过高(632.49mAh/小时)、后台单位时间能耗过高(618.67mAh/小时)、总单位时间能耗过高(630.77mAh/小时)、设备电量较低(13%)

### 6. 优化建议
- 建议优化前台运行逻辑，减少不必要的前台时间
- 建议优化算法和资源使用，提高能耗效率
- 建议在低电量时限制高能耗操作
"
com.netease.cloudmusic,vivo X80,2025-05-23,26262,259,1048,480,143.66,6671.81,207.41,25,-0.0607413212134628,前台运行时间过长(7.29小时)、前台能耗过高(1048mAh)、后台能耗过高(480mAh)、后台单位时间能耗过高(6671.81mAh/小时)、总单位时间能耗过高(207.41mAh/小时)、设备电量较低(25%),"## 异常进程分析报告

### 1. 进程基本信息分析
进程名称：com.netease.cloudmusic
设备型号：vivo X80
系统版本：V12.5.3.0
运行时段：2025-05-23 04:51:52 至 2025-05-23 12:13:53

### 2. 运行时间异常分析
前台运行时长：437.7分钟
后台运行时长：4.3分钟
⚠️ 前台运行时间异常：超过正常阈值，可能影响用户体验和电池续航。

### 3. 能耗异常分析
前台能耗：1048mAh
后台能耗：480mAh
前台单位时间能耗：143.66mAh/小时
后台单位时间能耗：6671.81mAh/小时
总单位时间能耗：207.41mAh/小时
⚠️ 能耗异常：总能耗超过正常范围，建议检查应用行为。
⚠️ 单位时间能耗异常：能耗效率低下，可能存在性能问题。

### 4. 设备状态分析
设备电量：25%
屏幕状态：关闭
⚠️ 电量状态：设备电量较低，高能耗应用可能加速电量消耗。

### 5. 异常原因总结
异常分数：-0.0607 (分数越低越异常)
检测到的异常特征：前台运行时间过长(7.29小时)、前台能耗过高(1048mAh)、后台能耗过高(480mAh)、后台单位时间能耗过高(6671.81mAh/小时)、总单位时间能耗过高(207.41mAh/小时)、设备电量较低(25%)

### 6. 优化建议
- 建议优化前台运行逻辑，减少不必要的前台时间
- 建议优化算法和资源使用，提高能耗效率
- 建议在低电量时限制高能耗操作
"
com.ss.android.ugc.aweme,vivo X80,2025-05-13,9664,1030,1934,688,720.45,2404.66,882.66,33,-0.0886039182584997,前台运行时间过长(2.68小时)、前台能耗过高(1934mAh)、后台能耗过高(688mAh)、前台单位时间能耗过高(720.45mAh/小时)、后台单位时间能耗过高(2404.66mAh/小时)、总单位时间能耗过高(882.66mAh/小时)、设备电量较低(33%),"## 异常进程分析报告

### 1. 进程基本信息分析
进程名称：com.ss.android.ugc.aweme
设备型号：vivo X80
系统版本：V13.0.1.0
运行时段：2025-05-13 23:19:52 至 2025-05-14 02:18:06

### 2. 运行时间异常分析
前台运行时长：161.1分钟
后台运行时长：17.2分钟
⚠️ 前台运行时间异常：超过正常阈值，可能影响用户体验和电池续航。

### 3. 能耗异常分析
前台能耗：1934mAh
后台能耗：688mAh
前台单位时间能耗：720.45mAh/小时
后台单位时间能耗：2404.66mAh/小时
总单位时间能耗：882.66mAh/小时
⚠️ 能耗异常：总能耗超过正常范围，建议检查应用行为。
⚠️ 单位时间能耗异常：能耗效率低下，可能存在性能问题。

### 4. 设备状态分析
设备电量：33%
屏幕状态：关闭
⚠️ 电量状态：设备电量较低，高能耗应用可能加速电量消耗。

### 5. 异常原因总结
异常分数：-0.0886 (分数越低越异常)
检测到的异常特征：前台运行时间过长(2.68小时)、前台能耗过高(1934mAh)、后台能耗过高(688mAh)、前台单位时间能耗过高(720.45mAh/小时)、后台单位时间能耗过高(2404.66mAh/小时)、总单位时间能耗过高(882.66mAh/小时)、设备电量较低(33%)

### 6. 优化建议
- 建议优化前台运行逻辑，减少不必要的前台时间
- 建议优化算法和资源使用，提高能耗效率
- 建议在低电量时限制高能耗操作
"
com.tencent.mobileqq,vivo X80,2025-05-14,152,2283,197,25,4665.79,39.42,328.21,74,-0.0064409525455345,前台单位时间能耗过高(4665.79mAh/小时)、总单位时间能耗过高(328.21mAh/小时),"## 异常进程分析报告

### 1. 进程基本信息分析
进程名称：com.tencent.mobileqq
设备型号：vivo X80
系统版本：V12.5.3.0
运行时段：2025-05-14 13:12:52 至 2025-05-14 13:53:27

### 2. 运行时间异常分析
前台运行时长：2.5分钟
后台运行时长：38.0分钟

### 3. 能耗异常分析
前台能耗：197mAh
后台能耗：25mAh
前台单位时间能耗：4665.79mAh/小时
后台单位时间能耗：39.42mAh/小时
总单位时间能耗：328.21mAh/小时
⚠️ 单位时间能耗异常：能耗效率低下，可能存在性能问题。

### 4. 设备状态分析
设备电量：74%
屏幕状态：关闭

### 5. 异常原因总结
异常分数：-0.0064 (分数越低越异常)
检测到的异常特征：前台单位时间能耗过高(4665.79mAh/小时)、总单位时间能耗过高(328.21mAh/小时)

### 6. 优化建议
- 建议优化算法和资源使用，提高能耗效率
"
com.jingdong.app.mall,vivo S15,2025-05-06,22453,494,1560,712,250.12,5188.66,356.44,19,-0.0575472561221297,前台运行时间过长(6.24小时)、前台能耗过高(1560mAh)、后台能耗过高(712mAh)、前台单位时间能耗过高(250.12mAh/小时)、后台单位时间能耗过高(5188.66mAh/小时)、总单位时间能耗过高(356.44mAh/小时)、设备电量较低(19%),"## 异常进程分析报告

### 1. 进程基本信息分析
进程名称：com.jingdong.app.mall
设备型号：vivo S15
系统版本：V12.1.0.0
运行时段：2025-05-06 03:47:52 至 2025-05-06 10:10:19

### 2. 运行时间异常分析
前台运行时长：374.2分钟
后台运行时长：8.2分钟
⚠️ 前台运行时间异常：超过正常阈值，可能影响用户体验和电池续航。

### 3. 能耗异常分析
前台能耗：1560mAh
后台能耗：712mAh
前台单位时间能耗：250.12mAh/小时
后台单位时间能耗：5188.66mAh/小时
总单位时间能耗：356.44mAh/小时
⚠️ 能耗异常：总能耗超过正常范围，建议检查应用行为。
⚠️ 单位时间能耗异常：能耗效率低下，可能存在性能问题。

### 4. 设备状态分析
设备电量：19%
屏幕状态：关闭
⚠️ 电量状态：设备电量较低，高能耗应用可能加速电量消耗。

### 5. 异常原因总结
异常分数：-0.0575 (分数越低越异常)
检测到的异常特征：前台运行时间过长(6.24小时)、前台能耗过高(1560mAh)、后台能耗过高(712mAh)、前台单位时间能耗过高(250.12mAh/小时)、后台单位时间能耗过高(5188.66mAh/小时)、总单位时间能耗过高(356.44mAh/小时)、设备电量较低(19%)

### 6. 优化建议
- 建议优化前台运行逻辑，减少不必要的前台时间
- 建议优化算法和资源使用，提高能耗效率
- 建议在低电量时限制高能耗操作
"
com.tencent.mm,vivo iQOO 9,2025-05-04,4088,1788,1974,455,1738.36,916.11,1488.16,36,-0.138990604108202,前台运行时间过长(1.14小时)、前台能耗过高(1974mAh)、后台能耗过高(455mAh)、前台单位时间能耗过高(1738.36mAh/小时)、后台单位时间能耗过高(916.11mAh/小时)、总单位时间能耗过高(1488.16mAh/小时)、设备电量较低(36%),"## 异常进程分析报告

### 1. 进程基本信息分析
进程名称：com.tencent.mm
设备型号：vivo iQOO 9
系统版本：V13.1.2.0
运行时段：2025-05-04 15:29:52 至 2025-05-04 17:07:48

### 2. 运行时间异常分析
前台运行时长：68.1分钟
后台运行时长：29.8分钟
⚠️ 前台运行时间异常：超过正常阈值，可能影响用户体验和电池续航。

### 3. 能耗异常分析
前台能耗：1974mAh
后台能耗：455mAh
前台单位时间能耗：1738.36mAh/小时
后台单位时间能耗：916.11mAh/小时
总单位时间能耗：1488.16mAh/小时
⚠️ 能耗异常：总能耗超过正常范围，建议检查应用行为。
⚠️ 单位时间能耗异常：能耗效率低下，可能存在性能问题。

### 4. 设备状态分析
设备电量：36%
屏幕状态：关闭
⚠️ 电量状态：设备电量较低，高能耗应用可能加速电量消耗。

### 5. 异常原因总结
异常分数：-0.1390 (分数越低越异常)
检测到的异常特征：前台运行时间过长(1.14小时)、前台能耗过高(1974mAh)、后台能耗过高(455mAh)、前台单位时间能耗过高(1738.36mAh/小时)、后台单位时间能耗过高(916.11mAh/小时)、总单位时间能耗过高(1488.16mAh/小时)、设备电量较低(36%)

### 6. 优化建议
- 建议优化前台运行逻辑，减少不必要的前台时间
- 建议优化算法和资源使用，提高能耗效率
- 建议在低电量时限制高能耗操作
"
com.tencent.qqlive,vivo NEX 3S,2025-05-07,11789,1579,1611,502,491.95,1144.52,569.03,20,-0.0428024837064781,前台运行时间过长(3.27小时)、前台能耗过高(1611mAh)、后台能耗过高(502mAh)、前台单位时间能耗过高(491.95mAh/小时)、后台单位时间能耗过高(1144.52mAh/小时)、总单位时间能耗过高(569.03mAh/小时)、设备电量较低(20%),"## 异常进程分析报告

### 1. 进程基本信息分析
进程名称：com.tencent.qqlive
设备型号：vivo NEX 3S
系统版本：V13.0.1.0
运行时段：2025-05-07 11:48:52 至 2025-05-07 15:31:40

### 2. 运行时间异常分析
前台运行时长：196.5分钟
后台运行时长：26.3分钟
⚠️ 前台运行时间异常：超过正常阈值，可能影响用户体验和电池续航。

### 3. 能耗异常分析
前台能耗：1611mAh
后台能耗：502mAh
前台单位时间能耗：491.95mAh/小时
后台单位时间能耗：1144.52mAh/小时
总单位时间能耗：569.03mAh/小时
⚠️ 能耗异常：总能耗超过正常范围，建议检查应用行为。
⚠️ 单位时间能耗异常：能耗效率低下，可能存在性能问题。

### 4. 设备状态分析
设备电量：20%
屏幕状态：开启
⚠️ 电量状态：设备电量较低，高能耗应用可能加速电量消耗。

### 5. 异常原因总结
异常分数：-0.0428 (分数越低越异常)
检测到的异常特征：前台运行时间过长(3.27小时)、前台能耗过高(1611mAh)、后台能耗过高(502mAh)、前台单位时间能耗过高(491.95mAh/小时)、后台单位时间能耗过高(1144.52mAh/小时)、总单位时间能耗过高(569.03mAh/小时)、设备电量较低(20%)

### 6. 优化建议
- 建议优化前台运行逻辑，减少不必要的前台时间
- 建议优化算法和资源使用，提高能耗效率
- 建议在低电量时限制高能耗操作
"
com.android.chrome,vivo NEX 3S,2025-05-18,27106,466,624,465,82.87,3592.27,142.19,18,-0.0744089658870964,前台运行时间过长(7.53小时)、前台能耗过高(624mAh)、后台能耗过高(465mAh)、后台单位时间能耗过高(3592.27mAh/小时)、设备电量较低(18%),"## 异常进程分析报告

### 1. 进程基本信息分析
进程名称：com.android.chrome
设备型号：vivo NEX 3S
系统版本：V13.1.2.0
运行时段：2025-05-18 14:45:52 至 2025-05-18 22:25:24

### 2. 运行时间异常分析
前台运行时长：451.8分钟
后台运行时长：7.8分钟
⚠️ 前台运行时间异常：超过正常阈值，可能影响用户体验和电池续航。

### 3. 能耗异常分析
前台能耗：624mAh
后台能耗：465mAh
前台单位时间能耗：82.87mAh/小时
后台单位时间能耗：3592.27mAh/小时
总单位时间能耗：142.19mAh/小时
⚠️ 能耗异常：总能耗超过正常范围，建议检查应用行为。

### 4. 设备状态分析
设备电量：18%
屏幕状态：开启
⚠️ 电量状态：设备电量较低，高能耗应用可能加速电量消耗。

### 5. 异常原因总结
异常分数：-0.0744 (分数越低越异常)
检测到的异常特征：前台运行时间过长(7.53小时)、前台能耗过高(624mAh)、后台能耗过高(465mAh)、后台单位时间能耗过高(3592.27mAh/小时)、设备电量较低(18%)

### 6. 优化建议
- 建议优化前台运行逻辑，减少不必要的前台时间
- 建议在低电量时限制高能耗操作
"
com.UCMobile,vivo NEX 3S,2025-05-04,12932,339,742,494,206.56,5246.02,335.29,18,-0.039417102123106,前台运行时间过长(3.59小时)、前台能耗过高(742mAh)、后台能耗过高(494mAh)、前台单位时间能耗过高(206.56mAh/小时)、后台单位时间能耗过高(5246.02mAh/小时)、总单位时间能耗过高(335.29mAh/小时)、设备电量较低(18%),"## 异常进程分析报告

### 1. 进程基本信息分析
进程名称：com.UCMobile
设备型号：vivo NEX 3S
系统版本：V13.0.1.0
运行时段：2025-05-04 13:45:52 至 2025-05-04 17:27:03

### 2. 运行时间异常分析
前台运行时长：215.5分钟
后台运行时长：5.7分钟
⚠️ 前台运行时间异常：超过正常阈值，可能影响用户体验和电池续航。

### 3. 能耗异常分析
前台能耗：742mAh
后台能耗：494mAh
前台单位时间能耗：206.56mAh/小时
后台单位时间能耗：5246.02mAh/小时
总单位时间能耗：335.29mAh/小时
⚠️ 能耗异常：总能耗超过正常范围，建议检查应用行为。
⚠️ 单位时间能耗异常：能耗效率低下，可能存在性能问题。

### 4. 设备状态分析
设备电量：18%
屏幕状态：开启
⚠️ 电量状态：设备电量较低，高能耗应用可能加速电量消耗。

### 5. 异常原因总结
异常分数：-0.0394 (分数越低越异常)
检测到的异常特征：前台运行时间过长(3.59小时)、前台能耗过高(742mAh)、后台能耗过高(494mAh)、前台单位时间能耗过高(206.56mAh/小时)、后台单位时间能耗过高(5246.02mAh/小时)、总单位时间能耗过高(335.29mAh/小时)、设备电量较低(18%)

### 6. 优化建议
- 建议优化前台运行逻辑，减少不必要的前台时间
- 建议优化算法和资源使用，提高能耗效率
- 建议在低电量时限制高能耗操作
"
com.android.chrome,vivo X80,2025-05-29,26080,1500,707,614,97.59,1473.6,172.43,35,-0.0710471546098844,前台运行时间过长(7.24小时)、前台能耗过高(707mAh)、后台能耗过高(614mAh)、后台单位时间能耗过高(1473.60mAh/小时)、设备电量较低(35%),"## 异常进程分析报告

### 1. 进程基本信息分析
进程名称：com.android.chrome
设备型号：vivo X80
系统版本：V13.0.1.0
运行时段：2025-05-29 18:14:52 至 2025-05-30 01:54:32

### 2. 运行时间异常分析
前台运行时长：434.7分钟
后台运行时长：25.0分钟
⚠️ 前台运行时间异常：超过正常阈值，可能影响用户体验和电池续航。

### 3. 能耗异常分析
前台能耗：707mAh
后台能耗：614mAh
前台单位时间能耗：97.59mAh/小时
后台单位时间能耗：1473.60mAh/小时
总单位时间能耗：172.43mAh/小时
⚠️ 能耗异常：总能耗超过正常范围，建议检查应用行为。

### 4. 设备状态分析
设备电量：35%
屏幕状态：关闭
⚠️ 电量状态：设备电量较低，高能耗应用可能加速电量消耗。

### 5. 异常原因总结
异常分数：-0.0710 (分数越低越异常)
检测到的异常特征：前台运行时间过长(7.24小时)、前台能耗过高(707mAh)、后台能耗过高(614mAh)、后台单位时间能耗过高(1473.60mAh/小时)、设备电量较低(35%)

### 6. 优化建议
- 建议优化前台运行逻辑，减少不必要的前台时间
- 建议在低电量时限制高能耗操作
"
com.jingdong.app.mall,vivo X80,2025-05-22,7259,731,1998,237,990.88,1167.17,1007.01,27,-0.108748572956131,前台运行时间过长(2.02小时)、前台能耗过高(1998mAh)、后台能耗过高(237mAh)、前台单位时间能耗过高(990.88mAh/小时)、后台单位时间能耗过高(1167.17mAh/小时)、总单位时间能耗过高(1007.01mAh/小时)、设备电量较低(27%),"## 异常进程分析报告

### 1. 进程基本信息分析
进程名称：com.jingdong.app.mall
设备型号：vivo X80
系统版本：V12.5.3.0
运行时段：2025-05-22 23:25:52 至 2025-05-23 01:39:02

### 2. 运行时间异常分析
前台运行时长：121.0分钟
后台运行时长：12.2分钟
⚠️ 前台运行时间异常：超过正常阈值，可能影响用户体验和电池续航。

### 3. 能耗异常分析
前台能耗：1998mAh
后台能耗：237mAh
前台单位时间能耗：990.88mAh/小时
后台单位时间能耗：1167.17mAh/小时
总单位时间能耗：1007.01mAh/小时
⚠️ 能耗异常：总能耗超过正常范围，建议检查应用行为。
⚠️ 单位时间能耗异常：能耗效率低下，可能存在性能问题。

### 4. 设备状态分析
设备电量：27%
屏幕状态：关闭
⚠️ 电量状态：设备电量较低，高能耗应用可能加速电量消耗。

### 5. 异常原因总结
异常分数：-0.1087 (分数越低越异常)
检测到的异常特征：前台运行时间过长(2.02小时)、前台能耗过高(1998mAh)、后台能耗过高(237mAh)、前台单位时间能耗过高(990.88mAh/小时)、后台单位时间能耗过高(1167.17mAh/小时)、总单位时间能耗过高(1007.01mAh/小时)、设备电量较低(27%)

### 6. 优化建议
- 建议优化前台运行逻辑，减少不必要的前台时间
- 建议优化算法和资源使用，提高能耗效率
- 建议在低电量时限制高能耗操作
"
com.ss.android.ugc.aweme,vivo Y76s,2025-05-12,17802,238,892,784,180.38,11858.82,334.46,18,-0.1053377712710059,前台运行时间过长(4.95小时)、前台能耗过高(892mAh)、后台能耗过高(784mAh)、前台单位时间能耗过高(180.38mAh/小时)、后台单位时间能耗过高(11858.82mAh/小时)、总单位时间能耗过高(334.46mAh/小时)、设备电量较低(18%),"## 异常进程分析报告

### 1. 进程基本信息分析
进程名称：com.ss.android.ugc.aweme
设备型号：vivo Y76s
系统版本：V12.1.0.0
运行时段：2025-05-12 09:09:52 至 2025-05-12 14:10:32

### 2. 运行时间异常分析
前台运行时长：296.7分钟
后台运行时长：4.0分钟
⚠️ 前台运行时间异常：超过正常阈值，可能影响用户体验和电池续航。

### 3. 能耗异常分析
前台能耗：892mAh
后台能耗：784mAh
前台单位时间能耗：180.38mAh/小时
后台单位时间能耗：11858.82mAh/小时
总单位时间能耗：334.46mAh/小时
⚠️ 能耗异常：总能耗超过正常范围，建议检查应用行为。
⚠️ 单位时间能耗异常：能耗效率低下，可能存在性能问题。

### 4. 设备状态分析
设备电量：18%
屏幕状态：关闭
⚠️ 电量状态：设备电量较低，高能耗应用可能加速电量消耗。

### 5. 异常原因总结
异常分数：-0.1053 (分数越低越异常)
检测到的异常特征：前台运行时间过长(4.95小时)、前台能耗过高(892mAh)、后台能耗过高(784mAh)、前台单位时间能耗过高(180.38mAh/小时)、后台单位时间能耗过高(11858.82mAh/小时)、总单位时间能耗过高(334.46mAh/小时)、设备电量较低(18%)

### 6. 优化建议
- 建议优化前台运行逻辑，减少不必要的前台时间
- 建议优化算法和资源使用，提高能耗效率
- 建议在低电量时限制高能耗操作
"
com.UCMobile,vivo NEX 3S,2025-05-24,15532,1476,1541,729,357.17,1778.05,480.48,22,-0.0392120743350945,前台运行时间过长(4.31小时)、前台能耗过高(1541mAh)、后台能耗过高(729mAh)、前台单位时间能耗过高(357.17mAh/小时)、后台单位时间能耗过高(1778.05mAh/小时)、总单位时间能耗过高(480.48mAh/小时)、设备电量较低(22%),"## 异常进程分析报告

### 1. 进程基本信息分析
进程名称：com.UCMobile
设备型号：vivo NEX 3S
系统版本：V13.0.1.0
运行时段：2025-05-24 04:28:52 至 2025-05-24 09:12:20

### 2. 运行时间异常分析
前台运行时长：258.9分钟
后台运行时长：24.6分钟
⚠️ 前台运行时间异常：超过正常阈值，可能影响用户体验和电池续航。

### 3. 能耗异常分析
前台能耗：1541mAh
后台能耗：729mAh
前台单位时间能耗：357.17mAh/小时
后台单位时间能耗：1778.05mAh/小时
总单位时间能耗：480.48mAh/小时
⚠️ 能耗异常：总能耗超过正常范围，建议检查应用行为。
⚠️ 单位时间能耗异常：能耗效率低下，可能存在性能问题。

### 4. 设备状态分析
设备电量：22%
屏幕状态：关闭
⚠️ 电量状态：设备电量较低，高能耗应用可能加速电量消耗。

### 5. 异常原因总结
异常分数：-0.0392 (分数越低越异常)
检测到的异常特征：前台运行时间过长(4.31小时)、前台能耗过高(1541mAh)、后台能耗过高(729mAh)、前台单位时间能耗过高(357.17mAh/小时)、后台单位时间能耗过高(1778.05mAh/小时)、总单位时间能耗过高(480.48mAh/小时)、设备电量较低(22%)

### 6. 优化建议
- 建议优化前台运行逻辑，减少不必要的前台时间
- 建议优化算法和资源使用，提高能耗效率
- 建议在低电量时限制高能耗操作
"
com.tencent.qqlive,vivo S15,2025-05-30,22912,440,1725,698,271.04,5710.91,373.54,19,-0.0733817564498159,前台运行时间过长(6.36小时)、前台能耗过高(1725mAh)、后台能耗过高(698mAh)、前台单位时间能耗过高(271.04mAh/小时)、后台单位时间能耗过高(5710.91mAh/小时)、总单位时间能耗过高(373.54mAh/小时)、设备电量较低(19%),"## 异常进程分析报告

### 1. 进程基本信息分析
进程名称：com.tencent.qqlive
设备型号：vivo S15
系统版本：V13.1.2.0
运行时段：2025-05-30 17:53:52 至 2025-05-31 00:23:04

### 2. 运行时间异常分析
前台运行时长：381.9分钟
后台运行时长：7.3分钟
⚠️ 前台运行时间异常：超过正常阈值，可能影响用户体验和电池续航。

### 3. 能耗异常分析
前台能耗：1725mAh
后台能耗：698mAh
前台单位时间能耗：271.04mAh/小时
后台单位时间能耗：5710.91mAh/小时
总单位时间能耗：373.54mAh/小时
⚠️ 能耗异常：总能耗超过正常范围，建议检查应用行为。
⚠️ 单位时间能耗异常：能耗效率低下，可能存在性能问题。

### 4. 设备状态分析
设备电量：19%
屏幕状态：关闭
⚠️ 电量状态：设备电量较低，高能耗应用可能加速电量消耗。

### 5. 异常原因总结
异常分数：-0.0734 (分数越低越异常)
检测到的异常特征：前台运行时间过长(6.36小时)、前台能耗过高(1725mAh)、后台能耗过高(698mAh)、前台单位时间能耗过高(271.04mAh/小时)、后台单位时间能耗过高(5710.91mAh/小时)、总单位时间能耗过高(373.54mAh/小时)、设备电量较低(19%)

### 6. 优化建议
- 建议优化前台运行逻辑，减少不必要的前台时间
- 建议优化算法和资源使用，提高能耗效率
- 建议在低电量时限制高能耗操作
"
com.UCMobile,vivo S15,2025-05-13,7505,1315,1341,637,643.25,1743.88,807.35,22,-0.0675856686152114,前台运行时间过长(2.08小时)、前台能耗过高(1341mAh)、后台能耗过高(637mAh)、前台单位时间能耗过高(643.25mAh/小时)、后台单位时间能耗过高(1743.88mAh/小时)、总单位时间能耗过高(807.35mAh/小时)、设备电量较低(22%),"## 异常进程分析报告

### 1. 进程基本信息分析
进程名称：com.UCMobile
设备型号：vivo S15
系统版本：V12.5.3.0
运行时段：2025-05-13 09:06:52 至 2025-05-13 11:33:52

### 2. 运行时间异常分析
前台运行时长：125.1分钟
后台运行时长：21.9分钟
⚠️ 前台运行时间异常：超过正常阈值，可能影响用户体验和电池续航。

### 3. 能耗异常分析
前台能耗：1341mAh
后台能耗：637mAh
前台单位时间能耗：643.25mAh/小时
后台单位时间能耗：1743.88mAh/小时
总单位时间能耗：807.35mAh/小时
⚠️ 能耗异常：总能耗超过正常范围，建议检查应用行为。
⚠️ 单位时间能耗异常：能耗效率低下，可能存在性能问题。

### 4. 设备状态分析
设备电量：22%
屏幕状态：关闭
⚠️ 电量状态：设备电量较低，高能耗应用可能加速电量消耗。

### 5. 异常原因总结
异常分数：-0.0676 (分数越低越异常)
检测到的异常特征：前台运行时间过长(2.08小时)、前台能耗过高(1341mAh)、后台能耗过高(637mAh)、前台单位时间能耗过高(643.25mAh/小时)、后台单位时间能耗过高(1743.88mAh/小时)、总单位时间能耗过高(807.35mAh/小时)、设备电量较低(22%)

### 6. 优化建议
- 建议优化前台运行逻辑，减少不必要的前台时间
- 建议优化算法和资源使用，提高能耗效率
- 建议在低电量时限制高能耗操作
"
